id_docente,nombre,correo,telefono,dni,usuario,contrasena
1,Gracie Pavel,gpavel0@ucla.edu,+84 117 630 7198,25172686,gpavel0,rG1Nm.8WWnd/C*%
2,Neely Isacq,nisacq1@amazon.co.jp,+86 389 338 9479,23849268,nisacq1,vW1)0>P<#bC>\i
3,Bride Crumb,bcrumb2@wikia.com,+7 759 316 1074,27561390,bcrumb2,rV6~>$5BLjd`&
4,Floyd Abbison,fabbison3@cafepress.com,+51 268 227 7182,26372825,fabbison3,rF6L6_1Tuj.4agbG
5,Madelyn Syne,msyne4@bigcartel.com,+1 701 830 3540,17509864,msyne4,"vN60%@8k""mP{hy'"
6,Florance Lillistone,flillistone5@nhs.uk,+81 859 446 0162,23367524,flillistone5,uM0*_i&I_
7,Othilie Percifer,opercifer6@vkontakte.ru,+420 609 500 5266,34704676,opercifer6,bE3oD&o/g
8,Alphonse oldey,aoldey7@earthlink.net,+62 266 275 7468,30291588,aoldey7,bA4&LuL4_YRp
9,Zebedee Tallis,ztallis8@parallels.com,+504 170 594 8261,35798238,ztallis8,tF27obsrtR)
10,Elladine Wearn,ewearn9@nyu.edu,+48 690 570 5154,38656339,ewearn9,nK9#)~2m7jb?
11,Stillman Shieber,sshiebera@google.pl,+55 773 247 8004,20725871,sshiebera,kV3MH9lAGy
12,Rhiamon Pietrzak,rpietrzakb@1und1.de,+7 557 462 3796,23239075,rpietrzakb,sE6uZpKHy
13,Magdalene Broscombe,mbroscombec@pen.io,+66 221 903 2995,38993724,mbroscombec,"fA8E%K""ybDM8zL"
14,Winthrop Pook,wpookd@home.pl,+48 934 545 5178,39895964,wpookd,mR2Sr2*%!JJU<tz'
15,Reilly Yirrell,ryirrelle@sitemeter.com,+7 693 531 6651,32932601,ryirrelle,"fD5dH,.EqHnm!{la"
16,Anthia Dumberell,adumberellf@eventbrite.com,+351 239 332 3787,35901159,adumberellf,hZ80/|4<P&I?&
17,Brody Bonavia,bbonaviag@guardian.co.uk,+380 666 933 0025,30203634,bbonaviag,jR0C*(y)
18,Rosanne Gregoli,rgregolih@webs.com,+86 683 809 6173,37528190,rgregolih,zB3J}>&{p>d
19,Jayme Gauge,jgaugei@redcross.org,+7 765 538 3893,32153104,jgaugei,lE3\0(i2+M)_
20,Luciana Lenthall,llenthallj@amazonaws.com,+86 479 573 3038,24082434,llenthallj,"kJ6|G,I}"
21,Frederique Bitcheno,fbitchenok@si.edu,+46 512 792 0875,22649345,fbitchenok,cV5VwU=3jvjXL
22,Jarrid Roja,jrojal@mac.com,+7 246 721 9964,19711301,jrojal,qB2Lzq0QRn#X
23,Hatti Glasner,hglasnerm@elegantthemes.com,+244 513 688 5428,44809512,hglasnerm,yN6zKJ5iqVtDu%
24,Fritz Treadgold,ftreadgoldn@posterous.com,+51 885 557 3160,40553458,ftreadgoldn,rB6mQnw`
25,Cherice Silk,csilko@slashdot.org,+226 958 128 8371,15849155,csilko,kC87lrew
26,Lana Charity,lcharityp@house.gov,+374 510 136 3167,19300614,lcharityp,mC6?vuGY3C#RQZ5
27,Josepha Halbord,jhalbordq@cocolog-nifty.com,+92 676 473 3243,22698375,jhalbordq,"oG58SWhOD""$Eq"
28,Minor Somersett,msomersettr@hhs.gov,+373 104 830 3621,15381601,msomersettr,rQ4A'AR!i
29,Lorette Ellaway,lellaways@guardian.co.uk,+48 297 184 5688,42514845,lellaways,hD1_Hr4KR
30,Jourdan Roydon,jroydont@discuz.net,+86 433 903 4242,16495215,jroydont,"rE3s0Eo71,TKw~T"
31,Murielle MacCurtain,mmaccurtainu@nymag.com,+261 145 435 2917,21994593,mmaccurtainu,jJ2.M{{9agTh
32,Rawley Hindes,rhindesv@about.com,+84 322 308 0233,24316930,rhindesv,qG3jU3f~+.W(V
33,Euell Kinnerk,ekinnerkw@alibaba.com,+62 294 573 6861,27354816,ekinnerkw,wV7gIoX5!
34,Dewey Orniz,dornizx@hatena.ne.jp,+502 200 867 3649,30545889,dornizx,aD7G45Ywzf7lh
35,Sig Klouz,sklouzy@sogou.com,+507 809 928 4531,42964837,sklouzy,wQ4fS8T4j
36,Adolphe Newberry,anewberryz@plala.or.jp,+502 887 492 7496,42625092,anewberryz,"bE8o1oow38YUi!""o"
37,Rachelle McKeever,rmckeever10@addthis.com,+62 477 322 8680,22657176,rmckeever10,xG6\R#$x)@Ea3
38,Allissa Wiley,awiley11@deliciousdays.com,+62 500 441 0245,42554460,awiley11,iX1eiXqMz4{|4<N
39,Celene Farmery,cfarmery12@squidoo.com,+48 186 975 9560,18255709,cfarmery12,cA6m1v}PH
40,Anton Catling,acatling13@4shared.com,+55 305 293 6762,42798247,acatling13,zL8@GpUtg=0gT\
41,Brunhilde Bouch,bbouch14@exblog.jp,+998 105 898 9999,20425794,bbouch14,mZ0w*d}8)3*)
42,Trefor Grubbe,tgrubbe15@bandcamp.com,+30 597 390 5540,34822959,tgrubbe15,aZ8y0y)&@J{
43,Lona Montacute,lmontacute16@ted.com,+48 224 400 1394,26620306,lmontacute16,"tR8@3?B""Pq%D'K"
44,Goddart Chaikovski,gchaikovski17@nsw.gov.au,+54 144 682 9275,37599717,gchaikovski17,rB7JwG1QNx)y7'M
45,Thia Caudrelier,tcaudrelier18@sphinn.com,+387 615 401 9585,42338821,tcaudrelier18,eI10c!b~xA05YVF
46,Sky Kobierzycki,skobierzycki19@miitbeian.gov.cn,+46 830 433 8542,35806050,skobierzycki19,rG1UTVk>(I)c
47,Carmelina Disney,cdisney1a@army.mil,+598 711 289 6638,18525874,cdisney1a,mZ9F'>rmuI56t!R
48,Quinn Manthroppe,qmanthroppe1b@ameblo.jp,+1 239 921 7980,44411092,qmanthroppe1b,yO1C5mD6#9Me
49,Deanna Ravenshaw,dravenshaw1c@noaa.gov,+93 685 703 2620,20919784,dravenshaw1c,tT9!kapxvgt
50,Barny Cassy,bcassy1d@arizona.edu,+62 899 339 2264,44368625,bcassy1d,eS0s~Y?l=q49{SEU
51,Claudianus Hugues,chugues1e@weibo.com,+63 533 361 9761,20693665,chugues1e,jG8~D33Q(EUi0T_
52,Holly-anne Castelot,hcastelot1f@fastcompany.com,+7 213 109 7676,44932068,hcastelot1f,dR62aKx*+%
53,Hoebart Whiting,hwhiting1g@irs.gov,+7 177 278 6389,30661670,hwhiting1g,vQ6=Edzyq
54,Kyrstin Boxall,kboxall1h@altervista.org,+265 149 876 5580,34735285,kboxall1h,uU9emdSKcd'tdu0e
55,Constancia Read,cread1i@g.co,+82 969 540 4988,27648494,cread1i,"rX51,IZ{""LvL"""
56,Roxanne Verick,rverick1j@t-online.de,+1 682 989 1071,17734597,rverick1j,iU3i15DPq=>FDEW
57,Tedda Krystof,tkrystof1k@google.es,+421 529 551 9685,25429820,tkrystof1k,"nF1N5@M14FqI,v"
58,Abelard Gorman,agorman1l@zimbio.com,+976 935 230 0606,20621312,agorman1l,bH6%A|n/WTK#2)
59,Chantalle Craster,ccraster1m@auda.org.au,+7 592 763 9433,30994384,ccraster1m,"rB5N""2}InE"
60,Torey Sparsholt,tsparsholt1n@mlb.com,+7 777 224 1912,22002661,tsparsholt1n,wC1bp$p*h<
61,Leona Piell,lpiell1o@bloglovin.com,+385 440 235 3904,34126343,lpiell1o,wR5~#?8F'wG)s|V
62,Iver A'field,iafield1p@seattletimes.com,+48 755 365 9574,22631327,iafield1p,"uC7'Liw?{,"
63,Hermann Bissett,hbissett1q@state.gov,+351 313 894 0768,44197531,hbissett1q,dT7VQAi=(3pb
64,Ermentrude Oluwatoyin,eoluwatoyin1r@yale.edu,+55 657 733 8328,40352316,eoluwatoyin1r,xS3B}jQ+z
65,Thane McGaughay,tmcgaughay1s@pcworld.com,+63 631 226 7595,41954415,tmcgaughay1s,rT22>A0C
66,Casey Fromont,cfromont1t@opera.com,+967 441 357 8498,30719623,cfromont1t,rM9M5BAmT4Bo%Ze#
67,Alejandra Lumsdale,alumsdale1u@wikimedia.org,+998 536 510 7831,22240281,alumsdale1u,qM6`T?bMe{SNz~
68,Abeu Clampton,aclampton1v@statcounter.com,+1 573 833 2771,32106847,aclampton1v,mV9okwdav(~I0u
69,Moina Clementucci,mclementucci1w@phpbb.com,+86 911 384 8975,25644934,mclementucci1w,hG7}~>PmQLaiUzU7
70,Byran Sneaker,bsneaker1x@netvibes.com,+33 759 608 3707,36793623,bsneaker1x,mT5&V|k{
71,Alfonse Eakle,aeakle1y@rambler.ru,+62 774 213 0925,29642868,aeakle1y,aL8y9vXDyThS9TQ'
72,Shepard Heale,sheale1z@drupal.org,+420 949 397 2344,27111838,sheale1z,wM1ggP07{
73,Chryste Vonasek,cvonasek20@liveinternet.ru,+62 852 999 3274,16664721,cvonasek20,wI2Y!VmKG
74,Margery De Caroli,mde21@lycos.com,+33 307 881 4930,20349783,mde21,dW1r@.9'$B*
75,Merola Lewerenz,mlewerenz22@mtv.com,+7 591 386 7315,27227135,mlewerenz22,eY3/TiJas5}
76,Zorana Furley,zfurley23@virginia.edu,+967 998 521 6543,20278364,zfurley23,fD9r6bCuIb9
77,Winston Caltun,wcaltun24@example.com,+55 264 569 3026,27105106,wcaltun24,kV40fQOw_
78,Kellby St. Pierre,kst25@japanpost.jp,+62 858 935 2815,26175244,kst25,gA8PRrjou(X69
79,Tiff Perks,tperks26@reddit.com,+86 426 651 9361,43793004,tperks26,kU43FIu}
80,Josie Jelfs,jjelfs27@is.gd,+63 576 195 4079,20305174,jjelfs27,uP4n+}\$O
81,Creigh Oldham,coldham28@woothemes.com,+677 222 118 9253,36175086,coldham28,xC5>X@WW0vd4VZ
82,Vivi Bartolomeu,vbartolomeu29@ox.ac.uk,+1 516 605 7412,18645415,vbartolomeu29,mE7BTt||LyJZq
83,Donielle Mattiussi,dmattiussi2a@ca.gov,+84 839 240 1430,42549529,dmattiussi2a,"iR3%s89K'd,"
84,Humbert Caws,hcaws2b@stumbleupon.com,+351 741 314 2477,44493081,hcaws2b,"wM041,VXomxX%#>2"
85,Waylon Melwall,wmelwall2c@ovh.net,+30 116 297 2070,23658854,wmelwall2c,cB6\op68kc
86,Dalli Magog,dmagog2d@blog.com,+46 651 347 7015,40968435,dmagog2d,hD0yM7(G
87,Pavlov Van Arsdall,pvan2e@istockphoto.com,+48 389 801 4918,40202321,pvan2e,wB3Tvg9k+L{>~
88,Waylin Newbigging,wnewbigging2f@163.com,+62 506 723 9859,33448701,wnewbigging2f,jM4($iYiF
89,Arnaldo Grimble,agrimble2g@cbslocal.com,+1 904 265 0645,44759705,agrimble2g,tZ5Yz_XU?)k2
90,Rolfe McIlwain,rmcilwain2h@feedburner.com,+84 146 300 9873,32288907,rmcilwain2h,xR16Jcol1A
91,Lindy Abbett,labbett2i@wordpress.com,+62 320 734 8948,16092872,labbett2i,"lV0&tI4k""oh3"
92,Jobyna Cass,jcass2j@usnews.com,+420 753 688 2304,18109623,jcass2j,tN5=+!E{qt*
93,Yehudi Crips,ycrips2k@archive.org,+55 229 396 5778,43358434,ycrips2k,jH5#vsAD
94,Jordan Pinel,jpinel2l@harvard.edu,+48 202 857 2720,43675526,jpinel2l,aS5UPr(N'
95,Kennith Robbel,krobbel2m@slate.com,+386 128 185 2517,20580403,krobbel2m,tR4M2hzG>Xm5F
96,Aymer Bullingham,abullingham2n@cdc.gov,+81 120 849 0041,20251450,abullingham2n,qF9~3H2c'7
97,Analise Poulgreen,apoulgreen2o@icio.us,+86 335 721 5519,30046825,apoulgreen2o,vE6<?OqG%%5%
98,Madalyn Aldwich,maldwich2p@yellowbook.com,+1 289 788 5221,24375538,maldwich2p,sO9TEyf?sKO=YY+
99,Tony Bumpass,tbumpass2q@miitbeian.gov.cn,+223 823 629 4516,37775516,tbumpass2q,"lF0zqy(p7,V1>_"
100,Cynthy Dyka,cdyka2r@nps.gov,+86 286 955 4546,23039934,cdyka2r,"dI9k5,b?!"
