id_estudiante,nombre,correo,telefono,dni,usuario,contrasena,id_carrera
1,Gar Gallichan,ggallichan0@mashable.com,+509 582 909 9491,40985293,ggallichan0,"zV96&vhijcWfQy""",5
2,Lilla Griffiths,lgriffiths1@hc360.com,+86 848 147 0847,34630870,lgriffiths1,xA26BVB<{z95t,6
3,Iosep Yarrall,iyarrall2@ucoz.com,+269 980 128 9640,22523840,iyarrall2,"jD1%Ff(,",5
4,Sybille Tambling,stambling3@bloglovin.com,+420 964 182 8010,31347928,stambling3,lX6QJ)BqH(DAfV|~,8
5,Anselma Firpi,afirpi4@slideshare.net,+62 665 466 1355,24929975,afirpi4,iT1BQL7K,5
6,Arlie Delmage,adelmage5@amazon.co.jp,+63 441 902 5340,33981955,adelmage5,mT2>o#).q,5
7,Arlan Crichmere,acrichmere6@amazon.co.uk,+57 355 972 2851,26783324,acrichmere6,dL2tJk)!w.Z,4
8,Ora Reddish,oreddish7@telegraph.co.uk,+60 215 629 1750,21597615,oreddish7,gC7k?Ay56qF$M,1
9,Artemas Gibbonson,agibbonson8@plala.or.jp,+86 957 167 3753,24054333,agibbonson8,"cQ0B$##L,@+w",3
10,Elysia Mournian,emournian9@google.de,+218 261 992 1191,43524852,emournian9,"tE1YK""mV{/cAGK1",6
11,Marga O Sullivan,moa@google.com,+52 743 985 3477,37274012,moa,jF2COp4b>.3,5
12,Harmonie Rossander,hrossanderb@ehow.com,+1 693 722 7008,28157567,hrossanderb,yH4yHRs|t#,1
13,Adolphe Maudson,amaudsonc@elegantthemes.com,+420 344 872 8739,41936121,amaudsonc,jZ2Af*Ac,5
14,Antoine Banford,abanfordd@boston.com,+64 355 622 6186,35135204,abanfordd,tT8|=#rQ>6,3
15,Ashil Leehane,aleehanee@upenn.edu,+63 286 457 0734,31289841,aleehanee,lQ86'PzF,6
16,Teodoro Dronsfield,tdronsfieldf@foxnews.com,+62 714 369 0116,16868404,tdronsfieldf,"tN8_Mb6""",6
17,Sella Alleburton,salleburtong@pagesperso-orange.fr,+86 205 664 6330,44038065,salleburtong,aU2E/7bdt2#},7
18,Janet Bonass,jbonassh@latimes.com,+30 585 982 7197,40565241,jbonassh,oM5v\OFM1w~~n*o,5
19,Gayler Dragon,gdragoni@tmall.com,+49 986 699 1806,15423373,gdragoni,"uE0q_Ev%6,Gs",2
20,Scotty Tapley,stapleyj@stanford.edu,+63 122 551 8355,27476225,stapleyj,nU6s5}j(mc9,8
21,Amandi Decourt,adecourtk@bloomberg.com,+351 587 813 9519,38491396,adecourtk,wC0Eal00&,3
22,Guglielma Renihan,grenihanl@yale.edu,+86 638 637 9112,26460969,grenihanl,pG0|{D+zv.,1
23,Alia Snozzwell,asnozzwellm@cornell.edu,+33 652 588 3822,37674214,asnozzwellm,"yM7,4RKT",3
24,Marya Cassell,mcasselln@freewebs.com,+54 128 892 7853,15150572,mcasselln,mB1I>?x`wTUe,3
25,Ashlen Wedderburn,awedderburno@technorati.com,+46 615 422 5893,43589187,awedderburno,kV6zj3nq=dN,3
26,Stacia Gepheart,sgepheartp@naver.com,+504 667 836 2463,26660470,sgepheartp,sW7wQqFrJ>22,1
27,Merrill Gaynor,mgaynorq@last.fm,+86 651 465 6481,33637222,mgaynorq,hZ2lyF&6yrP$nv+,2
28,Vally Inchcomb,vinchcombr@google.fr,+86 629 566 3241,23254116,vinchcombr,vG7OhIN&,5
29,Oriana Raulin,oraulins@tuttocitta.it,+55 474 688 7225,24974359,oraulins,wP6.{BPJOO?Kg0D,2
30,Cammi Stillert,cstillertt@sun.com,+380 529 574 5280,25105662,cstillertt,nQ5|5jCT_,5
31,Brose Downing,bdowningu@posterous.com,+976 261 138 2145,17967403,bdowningu,kP6+1aOgQ1S,3
32,Betti Dreng,bdrengv@ustream.tv,+86 179 650 5693,22736094,bdrengv,vB1=xT}Z,3
33,Hendrika Weeke,hweekew@edublogs.org,+48 302 812 8453,31281731,hweekew,"zR73d3L0,o",5
34,Daisi Ivimey,divimeyx@who.int,+374 930 768 7952,18966185,divimeyx,cH16I4.4zX1,2
35,Isak Guys,iguysy@ucoz.com,+380 908 248 5927,18506045,iguysy,uX3Xrvzf}`~myhX=,1
36,Rosco Rowsel,rrowselz@example.com,+86 527 419 1157,36438913,rrowselz,vV849UHm,4
37,Christophorus Walsh,cwalsh10@auda.org.au,+55 426 473 3710,39689999,cwalsh10,vV8@/C.LGR=j/@,3
38,Domenic Phillipp,dphillipp11@parallels.com,+7 649 509 4405,40368534,dphillipp11,"yL0)~Q\I@F,",3
39,Dulcy Gotcher,dgotcher12@cnet.com,+261 934 343 1082,33167010,dgotcher12,xN0Ayv6Y6@e.}I,7
40,Rickey Andrieux,randrieux13@infoseek.co.jp,+7 768 322 2188,28773120,randrieux13,yG5lF!Q\UzUQ>(,6
41,Jereme Radbond,jradbond14@quantcast.com,+86 226 955 1056,19697501,jradbond14,mA8wVd/<n2mQi,7
42,Geri Pallatina,gpallatina15@facebook.com,+1 203 552 8173,40612409,gpallatina15,jS6YUlQd&l(~,2
43,Bernard Mandre,bmandre16@jugem.jp,+60 143 839 0422,27708924,bmandre16,"yK5JegaOT,GH}1",3
44,Annmarie Klemt,aklemt17@lulu.com,+967 685 999 6149,39538465,aklemt17,"iX9,(Rr0",8
45,Ninon Curran,ncurran18@ft.com,+62 226 683 4952,40520735,ncurran18,nS8o4g>J9c9viB*P,4
46,Ebony Bellwood,ebellwood19@elpais.com,+86 848 859 5534,20503566,ebellwood19,"oH1Gkwaue0,2@X8",1
47,Matthias Doldon,mdoldon1a@jiathis.com,+86 137 239 6608,21420101,mdoldon1a,mD1S\UVw##)A=\L,4
48,Filberto Shooter,fshooter1b@hud.gov,+880 131 659 5201,21784487,fshooter1b,yN2PR8vji.,3
49,Merilee Jacobovitch,mjacobovitch1c@samsung.com,+507 347 262 3174,38699277,mjacobovitch1c,rB64$=_V`}x@,3
50,Gabe Nugent,gnugent1d@dagondesign.com,+81 386 607 7514,34956900,gnugent1d,uF1d(~s<b(+A,8
51,Bronnie Scotford,bscotford1e@free.fr,+48 392 225 4306,26315177,bscotford1e,hY9M6>9rWwj,8
52,Roldan Edghinn,redghinn1f@cdbaby.com,+63 686 453 6276,25184741,redghinn1f,pR5.YSqFBd5Tq+D,6
53,Rees Teall,rteall1g@xinhuanet.com,+58 472 244 5908,27342241,rteall1g,"dD9QW|>""/$wQ",1
54,Vyky Heugle,vheugle1h@indiatimes.com,+48 609 545 0400,15681303,vheugle1h,vV6=Mwt}RL,3
55,Edy Piola,epiola1i@geocities.jp,+53 353 332 7059,42795864,epiola1i,"fF7Ms{o,UdF",8
56,Vincent Rattenberie,vrattenberie1j@free.fr,+420 679 341 2983,27258573,vrattenberie1j,bO1hiK/\V&,3
57,Ches Massei,cmassei1k@pinterest.com,+52 408 105 2578,42386634,cmassei1k,vE6r5#c>ugwwzM,6
58,Vonni Shawe,vshawe1l@discuz.net,+63 780 308 4048,26859211,vshawe1l,mG6z0gFgc.ntoFyY,8
59,Boy Mair,bmair1m@google.pl,+52 330 477 4930,29960747,bmair1m,"gE0~NGP!,n",8
60,Neda McKeggie,nmckeggie1n@weebly.com,+351 864 592 3561,22082246,nmckeggie1n,dP3`R/R5`tike+bK,2
61,Garrott Metham,gmetham1o@goodreads.com,+51 124 930 5330,20781275,gmetham1o,jX0ckfYeMBO61=b|,6
62,Fergus Minci,fminci1p@ucsd.edu,+62 685 138 1678,39476561,fminci1p,"fC8utR~9""PKgi~\U",6
63,Teddie Peron,tperon1q@yellowbook.com,+81 622 179 5013,38672404,tperon1q,jP5\H_.UC3.kJ,8
64,Adolf Romayn,aromayn1r@admin.ch,+57 731 540 6809,17401479,aromayn1r,vU78T#KuP88Th$8X,4
65,Madlin Hundley,mhundley1s@storify.com,+7 982 188 0010,24823302,mhundley1s,"aQ4!iS,7S@c<F",4
66,Corrinne Bucksey,cbucksey1t@dot.gov,+58 450 401 4932,42359159,cbucksey1t,rQ4O/i8Iu=*arqr,8
67,Keely Milburn,kmilburn1u@wordpress.com,+62 186 966 0634,22092798,kmilburn1u,jZ4sPD)#dwxbGCt},2
68,Harcourt Garshore,hgarshore1v@dot.gov,+420 963 711 1748,44124380,hgarshore1v,wT7I<z=`shH,7
69,Sibilla Chesson,schesson1w@cocolog-nifty.com,+86 158 203 6140,23356702,schesson1w,xH3oJ0@F~C\Xy,7
70,Tisha Gildea,tgildea1x@cnet.com,+7 460 782 7849,27997837,tgildea1x,"xL5pOoi#""Ph",5
71,Sisile Laroze,slaroze1y@tripod.com,+46 304 421 6203,36257023,slaroze1y,xM5.6)Fx,6
72,Aurelea Bubbear,abubbear1z@myspace.com,+63 660 774 4729,20829756,abubbear1z,rA7\tRZ~px0>f/N,3
73,Mannie Maier,mmaier20@nytimes.com,+505 493 387 1445,16554970,mmaier20,pK2Zvwni3E,6
74,Laurette Leither,lleither21@yahoo.co.jp,+86 210 682 6695,44051464,lleither21,eD9)|KLP4xky*J,1
75,Pen Kleehuhler,pkleehuhler22@wiley.com,+48 330 486 8496,40363252,pkleehuhler22,aT84n<!6Ue%!,8
76,Davie Ship,dship23@ed.gov,+33 417 307 3026,18682165,dship23,mD9(.rWl0L),1
77,Kev Keighly,kkeighly24@howstuffworks.com,+63 937 927 4151,43947270,kkeighly24,eU4Jk~V>,1
78,Obadias Cettell,ocettell25@ca.gov,+994 495 632 5550,16773374,ocettell25,"qN14>.>$(M""L",4
79,Arlana Laybourne,alaybourne26@timesonline.co.uk,+86 261 793 1210,29604632,alaybourne26,yB1p\Z|BC`,1
80,Geoffry Grinov,ggrinov27@mayoclinic.com,+30 339 401 0542,23141665,ggrinov27,lQ0Z2w\)vZW,7
81,Hernando Ciciotti,hciciotti28@miitbeian.gov.cn,+256 764 987 0185,41748216,hciciotti28,mD154bM),7
82,Melisenda Kendell,mkendell29@china.com.cn,+420 884 744 0060,38909186,mkendell29,wR1hh<aryV=n,4
83,Lovell Iliffe,liliffe2a@auda.org.au,+45 909 300 1522,37646036,liliffe2a,jK3RpvWTa_GHJNt@,5
84,Falito Dawtre,fdawtre2b@ebay.com,+86 927 757 1232,36374708,fdawtre2b,uZ6>*34Ey1P&3aLE,7
85,Giavani Widdop,gwiddop2c@360.cn,+598 426 130 5728,28288729,gwiddop2c,bA78J?Ic,4
86,Lauren Bonifant,lbonifant2d@thetimes.co.uk,+60 352 813 9233,33857431,lbonifant2d,nI5pE.e'gv.U,4
87,Tiebout Setterfield,tsetterfield2e@nba.com,+47 259 501 0945,27094941,tsetterfield2e,kR4=ORhznGYmt6D,7
88,Enoch Pellington,epellington2f@webnode.com,+387 137 622 4060,36542280,epellington2f,qG8Kih)5No{lm,7
89,Inez Vipan,ivipan2g@wikia.com,+234 753 519 9463,21976291,ivipan2g,mN5/mxsq~<6,6
90,Gerrie Klisch,gklisch2h@ihg.com,+63 890 275 3144,35979282,gklisch2h,vY0i{KHV(,4
91,Burk Vigus,bvigus2i@cnet.com,+351 882 836 8090,38200953,bvigus2i,bY3a\zS&/>,7
92,Toby Knudsen,tknudsen2j@howstuffworks.com,+60 345 523 6160,26420708,tknudsen2j,pV7a.Bj/WYri,1
93,Lucais Meuse,lmeuse2k@163.com,+353 462 175 7416,16476520,lmeuse2k,iG2)8z'z,3
94,Luz Pawelczyk,lpawelczyk2l@jugem.jp,+86 946 895 7328,22021262,lpawelczyk2l,"vC07>T9Z7E$A,|q,",5
95,Ardisj Gerckens,agerckens2m@narod.ru,+62 615 293 9418,43609436,agerckens2m,eE4_j+W~CZ~L{\rP,2
96,Jewelle Beric,jberic2n@goo.gl,+420 852 137 2546,44871746,jberic2n,"qA4,MdSRm`FH",7
97,Philippa Hulatt,phulatt2o@hud.gov,+81 975 338 1471,24434429,phulatt2o,wN4B)g&Bg,7
98,Channa Fellgatt,cfellgatt2p@facebook.com,+420 899 515 1951,37761047,cfellgatt2p,gX0$61OW,8
99,Sollie Chatin,schatin2q@wisc.edu,+62 634 914 0226,37978239,schatin2q,qW8?NB$.2,4
100,Monica Brierly,mbrierly2r@elpais.com,+86 525 177 8268,23032786,mbrierly2r,lX0l!FFQ1U\kN51,3
101,Bernie Hattersley,bhattersley2s@ovh.net,+51 841 541 7861,32878448,bhattersley2s,"pO0G(LbfjS?,A",5
102,Lucille Burl,lburl2t@jalbum.net,+54 952 996 9818,40665717,lburl2t,eC1SdZAX`>,8
103,Glennis Hubble,ghubble2u@arstechnica.com,+62 214 661 7931,24338016,ghubble2u,yU0<RWZ0@LQ6b,1
104,Valdemar Blankley,vblankley2v@java.com,+420 111 660 7566,19057926,vblankley2v,rI8v)6ZfQ%x(,1
105,Luther Kmicicki,lkmicicki2w@google.cn,+1 518 772 4359,38456453,lkmicicki2w,gS5b6_ymf?pk,8
106,Natalie Denisevich,ndenisevich2x@blinklist.com,+358 538 814 5122,40267753,ndenisevich2x,"uR6&`Sqkir'rq(""",3
107,Barrie Yesson,byesson2y@sogou.com,+351 861 607 9138,18421413,byesson2y,"gA9HDF""=y|1*T",7
108,Sherman Kennealy,skennealy2z@wikia.com,+84 728 247 7288,43711238,skennealy2z,oX83<lDdAV&Odon`,3
109,Aurlie Daton,adaton30@acquirethisname.com,+1 202 774 7216,28681190,adaton30,"aT05HqER,I|",4
110,Gardy Dollard,gdollard31@yellowbook.com,+62 986 581 9744,24568423,gdollard31,gD7|v|JiFXGLG$dF,8
111,Jack Eliot,jeliot32@blogger.com,+62 240 160 9215,30294748,jeliot32,cQ76m9>R,1
112,Paddy Spawell,pspawell33@technorati.com,+62 848 651 0549,37596537,pspawell33,qG3=+83oXc%,6
113,Elmo Lauritzen,elauritzen34@angelfire.com,+86 923 884 3881,17184986,elauritzen34,rM5tLXU>2(%q,6
114,Eward De Hooge,ede35@naver.com,+84 527 247 4682,35592945,ede35,oL8T3Dm5G&hBKRCI,3
115,Wiley Scupham,wscupham36@desdev.cn,+86 573 875 8900,21791751,wscupham36,iQ0f<b*Nj(_gg|/,4
116,Theadora McCree,tmccree37@miibeian.gov.cn,+880 977 627 6080,15076070,tmccree37,"gQ9c/*P=t""0&Qom",4
117,Arron Morrow,amorrow38@wiley.com,+261 790 790 6517,40011612,amorrow38,fS4%CU&nv$,5
118,Teena Feast,tfeast39@booking.com,+33 726 610 9658,43467927,tfeast39,sL10+2hY&c@Yc6#$,7
119,Elsworth Dunkley,edunkley3a@com.com,+86 808 553 4160,37874725,edunkley3a,"pP9|5v""9XJ",1
120,Feodora Butterwick,fbutterwick3b@photobucket.com,+63 773 529 8242,34713927,fbutterwick3b,dX4t/~GU?zVw@3e,7
121,Barty Ginley,bginley3c@seattletimes.com,+86 120 945 7674,15445429,bginley3c,rN8LQr}@A,2
122,Terry McQuilkin,tmcquilkin3d@mail.ru,+1 814 177 6355,16276870,tmcquilkin3d,sI58V2ba,7
123,Analise Elnough,aelnough3e@google.cn,+387 895 553 6660,42029522,aelnough3e,pH5mJAs%$B782l,7
124,Katrina Danforth,kdanforth3f@ft.com,+1 478 405 6916,19541396,kdanforth3f,dE5/IpJN+CWW{,4
125,Bart Van Arsdall,bvan3g@google.it,+62 854 672 4260,15389896,bvan3g,tI6aB|Iz,7
126,Ragnar Cheale,rcheale3h@mozilla.org,+233 629 675 8134,26542391,rcheale3h,mD8x'>Y3aa\B8,2
127,Wylie Gynne,wgynne3i@geocities.com,+46 615 759 1882,21661561,wgynne3i,mH7#b4`ALrH0,1
128,Enrika Siebart,esiebart3j@pen.io,+420 272 445 8245,16101443,esiebart3j,vK0=cSvlb5j.R#,2
129,Nessy Hammerberg,nhammerberg3k@networkadvertising.org,+98 136 961 4323,35570991,nhammerberg3k,yY67|Wm@u6@,1
130,Orelee Coen,ocoen3l@time.com,+356 712 158 6976,18252869,ocoen3l,vS4|RYYaP,8
131,Ileana Kingcott,ikingcott3m@printfriendly.com,+48 787 561 5500,27115750,ikingcott3m,hN1LyRdNwEea<,8
132,Morna Everall,meverall3n@yandex.ru,+51 447 311 4474,24227061,meverall3n,"bV7')'e=xsjkm,w",7
133,Agna Boni,aboni3o@over-blog.com,+387 144 297 1600,41732191,aboni3o,"fB8k""zP&,6vj=V""",1
134,Hercules Habbijam,hhabbijam3p@army.mil,+49 979 641 6250,24655615,hhabbijam3p,wF4_klpbj/M*xZMU,2
135,Beltran Peirazzi,bpeirazzi3q@army.mil,+33 231 767 1328,44009456,bpeirazzi3q,zZ10<#Bg9,1
136,Antonin McConville,amcconville3r@wired.com,+355 676 580 8047,25224951,amcconville3r,vS3h#GHG(%2,3
137,Ginger Boyton,gboyton3s@pen.io,+63 423 133 5610,41307014,gboyton3s,mY84e\<K\KghB0C,6
138,Chad Ellen,cellen3t@ezinearticles.com,+7 308 214 8738,16999790,cellen3t,pU1byV5'/,8
139,Johnathon Alleyne,jalleyne3u@technorati.com,+33 994 149 5924,28702490,jalleyne3u,kA65z%UnuJ+7,5
140,Vonny Pashen,vpashen3v@mapquest.com,+46 959 633 4793,15775854,vpashen3v,oW6@3R7WK2X1PV*,3
141,Ezequiel Seedman,eseedman3w@comsenz.com,+39 700 881 5282,15653210,eseedman3w,sS0cTLfOa%|GA`n,4
142,Daffie Bishop,dbishop3x@networksolutions.com,+48 990 456 0204,31848671,dbishop3x,gH5a{Pf6`,1
143,Fleur Dooly,fdooly3y@linkedin.com,+62 685 318 6962,15567566,fdooly3y,cN6<1@P>Hrc(,2
144,Stavro Wrigglesworth,swrigglesworth3z@tmall.com,+82 671 353 6559,41212984,swrigglesworth3z,hW0U%)Miv/pu,1
145,Livia Juett,ljuett40@discovery.com,+32 708 135 6801,27041569,ljuett40,mF7gB4.Wn~4>MK,5
146,Catherine Grange,cgrange41@ihg.com,+55 198 918 2561,28614720,cgrange41,fR1<@{4hJ|,2
147,Noel Owtram,nowtram42@squarespace.com,+86 790 252 5652,41508778,nowtram42,mM3RJ#O*x,6
148,Arin Balham,abalham43@meetup.com,+63 630 563 8975,34407402,abalham43,"gF0dDb?.\R{""",5
149,Raddie Walesby,rwalesby44@flickr.com,+86 391 940 7058,30808479,rwalesby44,"dP0E3,EYw.vC1",8
150,Em Le Moucheux,ele45@tinypic.com,+81 158 316 2375,20567507,ele45,hQ4cq&EM~B_Oz,5
151,Cathie Faulkes,cfaulkes46@cloudflare.com,+63 893 397 7956,23740845,cfaulkes46,mM6$Zj#LU,8
152,Abby Herche,aherche47@google.ru,+7 586 643 7599,43646759,aherche47,"bB1Y4af,p=CA#O7R",5
153,Jillian Jeness,jjeness48@instagram.com,+86 547 696 1102,41896210,jjeness48,oA0`h35<g)F>W,6
154,Olivier Rooms,orooms49@xinhuanet.com,+502 299 269 3445,33802235,orooms49,vL3gn>(.mns<,5
155,Ronna Plumstead,rplumstead4a@wiley.com,+7 112 331 6823,30309089,rplumstead4a,nD94/M7PI2G,3
156,Davie Terbeek,dterbeek4b@wsj.com,+33 195 735 3023,41224579,dterbeek4b,"hU9'pI""\~7<",8
157,Em MacAirt,emacairt4c@latimes.com,+55 462 122 3918,44365192,emacairt4c,rF4I0nLh'=wNy,8
158,Carmon Yakobovicz,cyakobovicz4d@arstechnica.com,+1 574 691 9563,33407016,cyakobovicz4d,fV0eQ4yb+Iu,7
159,Wilt MacCosty,wmaccosty4e@purevolume.com,+1 571 734 9007,20791553,wmaccosty4e,nW8*P>ggp?\0jE|S,1
160,Kalinda Janata,kjanata4f@bluehost.com,+46 174 970 1529,25026984,kjanata4f,fL0l&6u?'c,4
161,Lanni Holbarrow,lholbarrow4g@histats.com,+86 887 974 0814,40288194,lholbarrow4g,fS5MW\~&`M,3
162,Weber Schimek,wschimek4h@bizjournals.com,+62 510 614 6055,23694653,wschimek4h,vJ6xfz3Cfn,2
163,Dwain Kemsley,dkemsley4i@reddit.com,+86 690 610 7902,17333701,dkemsley4i,aC8+AsBK,1
164,Jannel Spradbery,jspradbery4j@seattletimes.com,+7 418 516 2033,37652257,jspradbery4j,kV77ovkZc,5
165,Ervin Asser,easser4k@de.vu,+48 297 151 1467,32479846,easser4k,cG8H1UTBbm'F!,1
166,Weber Cicchelli,wcicchelli4l@oracle.com,+234 479 714 3703,22461213,wcicchelli4l,"zX13X,""Y0(AtuDZ",2
167,Sallee Champney,schampney4m@si.edu,+505 175 360 8781,17005521,schampney4m,"xT9@QmWSt,",5
168,Marti Ocheltree,mocheltree4n@i2i.jp,+27 568 782 9205,17525868,mocheltree4n,"sT5Kj""yUgP{,p~",3
169,Janel Wrotham,jwrotham4o@apache.org,+86 577 963 6134,25954112,jwrotham4o,dL4UfP8<l}=9,2
170,Quintilla Wettern,qwettern4p@nifty.com,+1 217 649 1367,34703181,qwettern4p,"uS0j*Q""m5",5
171,Linzy Comino,lcomino4q@qq.com,+86 316 995 6715,23097033,lcomino4q,"nJ1J<dt+,",3
172,Boony Clemenceau,bclemenceau4r@imageshack.us,+92 332 808 8443,34239774,bclemenceau4r,xT4iFB#F,8
173,Evelyn Tomkys,etomkys4s@economist.com,+86 594 533 0197,24384756,etomkys4s,qO3>ZnG<vVyF,8
174,Ellen Prendeville,eprendeville4t@i2i.jp,+81 804 694 7721,33506556,eprendeville4t,nB5Q2om(,7
175,Bird Burdge,bburdge4u@nature.com,+1 256 269 0464,43139647,bburdge4u,xR3FA/~Jkr25@tn,2
176,Billy Redbourn,bredbourn4v@soundcloud.com,+7 568 351 3397,21088679,bredbourn4v,jZ6>}Gs5'b,8
177,Aluin Uren,auren4w@usa.gov,+86 865 768 7778,35539077,auren4w,"yM0\8qn>32m*,hX_",2
178,Sallyann Jandac,sjandac4x@vinaora.com,+86 547 110 7374,29111421,sjandac4x,jQ5vO$rOYIko1V<3,5
179,Dwain Elsay,delsay4y@newyorker.com,+86 343 974 9999,43494948,delsay4y,cQ1`ipH<wRbvT3,5
180,Thayne Esh,tesh4z@lulu.com,+1 795 271 0094,32547501,tesh4z,vA0_C#MV,5
181,Bonni Carleton,bcarleton50@1und1.de,+62 820 671 4739,43511809,bcarleton50,tS9vIEW#gefrUv%,7
182,Lynnett Obey,lobey51@wikispaces.com,+58 368 451 7201,21693804,lobey51,"wQ61|G,$U<WN@L""",3
183,Madelyn McKyrrelly,mmckyrrelly52@arstechnica.com,+86 570 111 8571,34131940,mmckyrrelly52,yB7llD%{gx,2
184,Padraig Hakonsen,phakonsen53@domainmarket.com,+86 782 198 0960,27590723,phakonsen53,"kY7f,.CJaCvu9$",5
185,Merlina Bailey,mbailey54@jigsy.com,+62 966 579 3615,30688412,mbailey54,zS5DC0Or'(,4
186,Perle Cicculini,pcicculini55@yandex.ru,+55 788 862 3991,43917895,pcicculini55,bG3uV_+}\Az=,3
187,Gwyn Cubbit,gcubbit56@youtube.com,+218 156 672 6368,19753652,gcubbit56,lE1\'A_`j%,5
188,Ramonda Heathcoat,rheathcoat57@admin.ch,+98 126 260 2699,23543508,rheathcoat57,oM5={kZ4GSFV@E%,7
189,Rosamund Eyers,reyers58@booking.com,+46 673 921 7224,44788805,reyers58,hB7Z||wGBzh`,8
190,Johan Mitrikhin,jmitrikhin59@networksolutions.com,+86 519 446 7926,31945796,jmitrikhin59,fQ6KbMzHk*fGI,5
191,Arny Cruz,acruz5a@ameblo.jp,+30 268 860 6724,35292127,acruz5a,sS3MsNu7E,4
192,Christiana Panichelli,cpanichelli5b@state.tx.us,+1 781 292 1757,17402543,cpanichelli5b,hV78C&g<arS,1
193,Oralie Twigg,otwigg5c@goodreads.com,+62 168 905 0766,36667666,otwigg5c,qL2Y!4\*PE',1
194,Joelle Turvie,jturvie5d@webeden.co.uk,+358 984 316 3857,34884580,jturvie5d,vP0z=pq_|Z|ggX,7
195,Clair McQuillen,cmcquillen5e@google.fr,+62 797 373 4774,29583673,cmcquillen5e,"iK7Qak$W,{<$aD!'",2
196,Hillie Childs,hchilds5f@nature.com,+63 400 155 1726,33192521,hchilds5f,uT8\F?w4gY=<K1,6
197,Theresina Maly,tmaly5g@state.gov,+251 449 726 8650,36167920,tmaly5g,yJ5$x?I+8veo,2
198,Marlee McAnalley,mmcanalley5h@surveymonkey.com,+86 987 325 2737,16320198,mmcanalley5h,zL4d#ZoLb,4
199,Christen Bruun,cbruun5i@howstuffworks.com,+55 148 860 8383,39426531,cbruun5i,"xK4L)S,o~0/.",1
200,Zondra Cawdell,zcawdell5j@biblegateway.com,+63 586 525 6411,35806837,zcawdell5j,vU6<YO2M,8
201,Linette Peever,lpeever5k@i2i.jp,+84 245 327 1255,38487769,lpeever5k,eH0|w+n1zjtaK,2
202,Waverley Mathys,wmathys5l@hp.com,+593 628 824 0356,35361810,wmathys5l,gE5jw`6CrEF,6
203,Jehu Colston,jcolston5m@addthis.com,+48 542 548 0449,27119298,jcolston5m,rS9Zl1qTEdd@PO,1
204,Nikaniki Forcer,nforcer5n@ca.gov,+27 512 807 9724,30551549,nforcer5n,hR0tB4tEh,1
205,Naomi Halfpenny,nhalfpenny5o@msu.edu,+46 334 829 0919,43233475,nhalfpenny5o,iE1.px\BK,4
206,Forrest McArdle,fmcardle5p@photobucket.com,+48 657 971 7384,29083427,fmcardle5p,zR4Jt9xvq&,8
207,King Veld,kveld5q@ihg.com,+55 240 462 5367,23479668,kveld5q,pC3X&2\78ET1m`K,3
208,Stearne Grix,sgrix5r@github.com,+62 238 137 9924,35776646,sgrix5r,qR8PlAFf,5
209,Dana Maeer,dmaeer5s@salon.com,+420 181 715 6812,38972907,dmaeer5s,eG7*h+&/A+3,4
210,Dorise Cornford,dcornford5t@4shared.com,+62 110 758 6230,19115269,dcornford5t,aS2ex@WZUUz>pis,8
211,Burnaby Shearwood,bshearwood5u@wordpress.org,+55 381 580 9375,26504131,bshearwood5u,dF5%qm$LKyKHb,6
212,Dionne Apperley,dapperley5v@chicagotribune.com,+62 810 686 0868,32450657,dapperley5v,bX9td5PsxBbPAjjO,8
213,Wayne Skippen,wskippen5w@about.com,+30 444 868 8386,28554834,wskippen5w,tN6qZAkbV9@5Qnk,1
214,Cymbre Wheeler,cwheeler5x@sitemeter.com,+358 828 910 5267,41476533,cwheeler5x,nF81Fs\4@(D\,7
215,Ryan Halleday,rhalleday5y@nba.com,+63 172 539 1677,44487218,rhalleday5y,rR41qbu{D,2
216,Fidole Elener,felener5z@craigslist.org,+86 895 905 0976,41650335,felener5z,wG5gAZLwY`Z,6
217,Elfreda McNicol,emcnicol60@java.com,+62 600 490 8251,15024757,emcnicol60,oU9M=!~.@,2
218,Ameline Bridle,abridle61@sitemeter.com,+48 259 335 0599,27832672,abridle61,"yA5c""NM=F40ZT",8
219,Garreth McNevin,gmcnevin62@nytimes.com,+62 972 236 4192,25670956,gmcnevin62,zG1dY&Ei,7
220,Jobey Thomel,jthomel63@mashable.com,+84 226 495 1808,32019700,jthomel63,iV9$NW6h'_Px_,6
221,Linea Spiaggia,lspiaggia64@latimes.com,+86 164 758 6740,42766923,lspiaggia64,eS7a~9=hUQZ~F,2
222,Atalanta O'Kinedy,aokinedy65@disqus.com,+51 347 765 1587,16870879,aokinedy65,bZ7aMHXTh<,5
223,Phillis Sollam,psollam66@homestead.com,+86 628 417 1885,19132534,psollam66,gL1JdP2\wG,6
224,Ferrell Twoohy,ftwoohy67@homestead.com,+20 973 652 6424,42610173,ftwoohy67,"mD0FWqt""G",7
225,Rhetta Portman,rportman68@merriam-webster.com,+33 118 376 4537,42998747,rportman68,"bB1""jw,ep",8
226,Carissa Dumingos,cdumingos69@washington.edu,+86 528 877 7889,16284746,cdumingos69,zY39|kRnJXZ@C%,8
227,Adey Dunhill,adunhill6a@yahoo.com,+86 123 433 8600,32686772,adunhill6a,zN0BS4=>v,7
228,Diego Hardcastle,dhardcastle6b@unc.edu,+57 943 822 1755,30708619,dhardcastle6b,"jQ1dP~n,",5
229,Maurizia Pooley,mpooley6c@drupal.org,+355 850 877 1118,20111944,mpooley6c,"lN6T2""?KD<EM/oVW",5
230,Danya Mullins,dmullins6d@barnesandnoble.com,+81 232 166 3757,43200276,dmullins6d,oT68VVr|,8
231,Isabella Ferandez,iferandez6e@w3.org,+86 547 415 8341,23237845,iferandez6e,wH9d$b*iDsjQgX,8
232,Veronique Dance,vdance6f@goodreads.com,+81 164 681 0459,27614170,vdance6f,"wY4$#4/lIO+Ny""",4
233,Vivianna Porcher,vporcher6g@dot.gov,+86 279 258 7520,42740274,vporcher6g,lJ0>`'G\_./E,7
234,Delia Dymock,ddymock6h@dailymail.co.uk,+598 981 903 0076,16503235,ddymock6h,mR3_l%XpvnJ,4
235,Atlanta Fliege,afliege6i@1688.com,+48 861 347 2119,17391851,afliege6i,fF91gQ+YyGS3/NW,3
236,Wolf Overnell,wovernell6j@bravesites.com,+225 370 117 9995,19419508,wovernell6j,rC1y~Xy0,7
237,Noah Morden,nmorden6k@epa.gov,+502 865 113 5390,39176894,nmorden6k,yG9w}@ovKp+/5,1
238,Borg Marlowe,bmarlowe6l@pcworld.com,+51 974 416 4670,29452230,bmarlowe6l,aL1}g!BCBPr6,7
239,Tyson Danzey,tdanzey6m@stumbleupon.com,+86 377 184 0199,23674703,tdanzey6m,pQ8**JKuY!W,2
240,Wallis Copnar,wcopnar6n@fastcompany.com,+86 898 370 4451,21028718,wcopnar6n,bA2!~b77K#o,4
241,Greggory Moulster,gmoulster6o@etsy.com,+52 824 153 3633,41337146,gmoulster6o,"dC5ZU?}""cz",2
242,Drucy Smetoun,dsmetoun6p@hhs.gov,+30 456 214 3997,28635500,dsmetoun6p,eB6s'0(Gt0<,8
243,Laura Wisbey,lwisbey6q@skyrock.com,+880 161 269 4912,25932376,lwisbey6q,tT5}j`$n+4U\+L0r,3
244,Frankie Aronin,faronin6r@cmu.edu,+84 614 158 0055,36927464,faronin6r,fN4Vs7q5T4Q,5
245,Marget Boyack,mboyack6s@admin.ch,+62 510 149 4099,16529225,mboyack6s,"cI6BQx|y+%lf,'",8
246,Drusy Freak,dfreak6t@purevolume.com,+994 865 455 2015,33640591,dfreak6t,gG8lt'kd,7
247,Kynthia Maffioletti,kmaffioletti6u@booking.com,+86 694 972 5433,31561923,kmaffioletti6u,bR5)@)FtW`,4
248,Barbabas Southward,bsouthward6v@jimdo.com,+46 763 539 7062,18054233,bsouthward6v,hV6c9\zXPTF4xjbk,2
249,Jody Huscroft,jhuscroft6w@nps.gov,+86 908 565 4937,42404421,jhuscroft6w,fH3BKQe+(YAn}?(a,8
250,Way Rostron,wrostron6x@independent.co.uk,+62 319 383 5471,37021718,wrostron6x,lC0Iu`dQP<Fc,5
251,Ludovika Pitcaithley,lpitcaithley6y@tinyurl.com,+7 494 146 1357,38548318,lpitcaithley6y,gJ9hcMcRUYXdHDG,5
252,Isabella Larrie,ilarrie6z@google.com.br,+86 754 699 5252,33560945,ilarrie6z,cQ1!e.)<S,1
253,Calvin Ciabatteri,cciabatteri70@cocolog-nifty.com,+255 100 629 9150,17189681,cciabatteri70,zG6yY(Lpk9(ci,1
254,Concettina Drummond,cdrummond71@google.co.jp,+86 962 870 6770,29523291,cdrummond71,xJ8vO_U)Jo},5
255,Sabine Noton,snoton72@is.gd,+33 896 457 8620,26514926,snoton72,"hO9(JW10WTV"">",2
256,Marijo Quakley,mquakley73@gravatar.com,+62 749 560 6184,28533503,mquakley73,tV9pU|yYrj7T,6
257,Pinchas Sterry,psterry74@gnu.org,+7 283 191 5230,37738957,psterry74,yY2MH7|S#\eB7V,6
258,Cherise Asaaf,casaaf75@jigsy.com,+62 613 914 7717,17156454,casaaf75,kS0A!_|tZEmp6\a,3
259,Caril Threadgould,cthreadgould76@moonfruit.com,+351 452 767 6144,17711236,cthreadgould76,mL3$U8v*B,4
260,Waylin Bernardos,wbernardos77@symantec.com,+62 909 702 1713,22649359,wbernardos77,rK9)qfLhe2},5
261,Clarice Sapsford,csapsford78@sogou.com,+86 166 793 4750,37185363,csapsford78,rV4N0.hr~y,7
262,Kenn Stallard,kstallard79@github.com,+55 926 665 9003,21714454,kstallard79,pV1q&3/w7vHg|g*,3
263,Truman Cuss,tcuss7a@oaic.gov.au,+63 147 681 5892,44309252,tcuss7a,oZ8'HQi7,2
264,Bernetta Macilhench,bmacilhench7b@wikipedia.org,+63 335 205 9512,23849970,bmacilhench7b,xE7Qlsmr<Ck,2
265,Bartram Bolderson,bbolderson7c@w3.org,+420 391 429 1733,33316360,bbolderson7c,cC8MBc>S`+,7
266,Delila Davall,ddavall7d@imgur.com,+63 543 433 7951,42172593,ddavall7d,yN4/>o=$Ed?.gYT,1
267,Chester Cocking,ccocking7e@blogs.com,+86 358 273 4263,42608143,ccocking7e,"rB5+1\jg,n",6
268,Burt Nayer,bnayer7f@skype.com,+45 474 621 3998,44485416,bnayer7f,eJ7\'cF.{7,7
269,Melisa Slyme,mslyme7g@elpais.com,+86 728 535 1846,37668394,mslyme7g,hR9pYXU_w*8~\.*1,5
270,Tarrance Million,tmillion7h@histats.com,+27 582 746 8552,29991795,tmillion7h,fE5mD%8ZuP/P)Mf%,7
271,Isadore Maurice,imaurice7i@earthlink.net,+7 891 502 9514,17124006,imaurice7i,sF0C|qs7mX9ir5x,5
272,Lucian Gaisford,lgaisford7j@freewebs.com,+62 364 873 1294,20560431,lgaisford7j,eA2xc$Hxu,2
273,Etta Shane,eshane7k@pinterest.com,+7 693 757 8132,38600169,eshane7k,qI9R7&{Khbuw,5
274,Clyde Cluckie,ccluckie7l@infoseek.co.jp,+62 502 194 4256,42202329,ccluckie7l,dE08{Wy_auZ,2
275,Julia Ibanez,jibanez7m@goo.ne.jp,+7 874 539 1617,24849041,jibanez7m,rD2gp!$MK&,1
276,Gilles Burchett,gburchett7n@slideshare.net,+7 229 707 1458,23995361,gburchett7n,eD7+zX/(dJ2S,8
277,Holmes Drinnan,hdrinnan7o@flavors.me,+375 149 785 2999,23305073,hdrinnan7o,fV6w38zMtzd,1
278,Keane Capes,kcapes7p@abc.net.au,+33 442 708 3994,27039351,kcapes7p,zM1=$=GU,1
279,Shawn Buckner,sbuckner7q@webeden.co.uk,+48 148 165 3013,24169186,sbuckner7q,kC6p_Njm,7
280,Sandro Skaife d'Ingerthorpe,sskaife7r@usa.gov,+383 696 810 2151,23763035,sskaife7r,cC9$SDk'T0f*),3
281,Arie Rennard,arennard7s@multiply.com,+86 726 630 5606,35196164,arennard7s,dL61bA(?n=@6$,3
282,Gottfried Vakhonin,gvakhonin7t@wp.com,+57 135 664 4375,32739107,gvakhonin7t,zN5rvNJ{x2UxO).,2
283,Farrel Winney,fwinney7u@nymag.com,+54 967 376 3681,19740185,fwinney7u,pA6}%E*@,2
284,Janel Biers,jbiers7v@reverbnation.com,+86 917 610 9631,35023144,jbiers7v,pT1D'}BW,8
285,Astra McGinny,amcginny7w@huffingtonpost.com,+86 624 185 6051,34838768,amcginny7w,cQ5IJ_+$**,6
286,Duffie Buckoke,dbuckoke7x@indiegogo.com,+63 822 820 9764,34926270,dbuckoke7x,xB8DKd5L,3
287,Stacie McIlveen,smcilveen7y@so-net.ne.jp,+46 622 822 5502,27916706,smcilveen7y,qR7<@M#e|mTGK,1
288,Kerby Follin,kfollin7z@arizona.edu,+81 336 522 6051,26227903,kfollin7z,nU0\`gSJQ_?1e3F`,6
289,Petey Charrington,pcharrington80@merriam-webster.com,+380 370 823 3850,17354020,pcharrington80,xW1N6>g/%,1
290,Obadias Rickford,orickford81@java.com,+33 361 488 0110,39559245,orickford81,"wQ52HN""*I",7
291,Meridith Goddard,mgoddard82@chronoengine.com,+86 237 878 6729,32033287,mgoddard82,bY2eb@EN},2
292,Bruno Heighton,bheighton83@elegantthemes.com,+976 299 453 5954,37241269,bheighton83,iQ4IVn4&r2(h,7
293,Tedie Rickell,trickell84@cargocollective.com,+30 706 571 8166,22960720,trickell84,aT7wBp?BBK,5
294,Iolande Hinkensen,ihinkensen85@sakura.ne.jp,+84 727 373 4832,40005688,ihinkensen85,dI7NlB|@d,4
295,Lissi Astbery,lastbery86@businessinsider.com,+92 107 367 2531,22754441,lastbery86,nA8#A_TV|*X(8Q@,6
296,Farrah Stannering,fstannering87@oaic.gov.au,+86 404 918 1912,31005152,fstannering87,vV0_4g*C5qf7eL,8
297,Dido Devany,ddevany88@upenn.edu,+7 328 668 9896,28056217,ddevany88,pA5GN<BC26%<W,5
298,Malissia Sackler,msackler89@webnode.com,+1 919 895 7473,30066273,msackler89,tM7AXWixrX,1
299,Dania Foynes,dfoynes8a@omniture.com,+33 872 130 6106,31097775,dfoynes8a,dO0D+n~&_`Z\2q,8
300,Roy Axell,raxell8b@jigsy.com,+380 205 119 8785,26911505,raxell8b,hG5HO_#E,4
301,Urbain Dukes,udukes8c@deviantart.com,+976 546 789 3865,40934131,udukes8c,dC8V(iq>,7
302,Gabbie Jaslem,gjaslem8d@latimes.com,+86 445 880 3385,24865104,gjaslem8d,zI4tsCJ*},1
303,Mary O'Lunny,molunny8e@elegantthemes.com,+92 957 969 6336,31311836,molunny8e,"tW1RXw|g&si""P",5
304,Adah Andretti,aandretti8f@xing.com,+86 739 687 6724,29926954,aandretti8f,xL4bxj}xv>ck,3
305,Brock Gurr,bgurr8g@cmu.edu,+55 738 462 8873,37413494,bgurr8g,cS1aKrA($!ED{}/,4
306,Camilla Cawthorne,ccawthorne8h@salon.com,+98 846 547 6800,42924021,ccawthorne8h,bK8&*Nw\*ciX<,1
307,Constantine Kinneally,ckinneally8i@gmpg.org,+27 131 719 5115,37543491,ckinneally8i,tT9V{KhK{<(N,1
308,Say Goodding,sgoodding8j@123-reg.co.uk,+86 640 755 7615,35350939,sgoodding8j,kA1yP=5G,3
309,Dewain Lighton,dlighton8k@4shared.com,+7 128 413 4908,22085685,dlighton8k,nO8qF'}=,4
310,Arvy Barnett,abarnett8l@google.ru,+33 398 440 4704,34304415,abarnett8l,uW04J0N1jd,1
311,Aimil Layfield,alayfield8m@imageshack.us,+86 247 301 9067,23378685,alayfield8m,xQ6RB_x_xdl<0\,1
312,Stanleigh MacGinley,smacginley8n@so-net.ne.jp,+62 500 939 5110,20183907,smacginley8n,eO6_7Qq/s,2
313,Leigha Rollo,lrollo8o@nih.gov,+86 856 618 8529,29613304,lrollo8o,uE1eawMR)J_gYcV2,3
314,Cord Labden,clabden8p@yahoo.co.jp,+48 349 914 6654,26719729,clabden8p,fK2Z+0~c'8|(,8
315,Bailie Longfoot,blongfoot8q@nasa.gov,+63 764 885 9410,22577376,blongfoot8q,jJ93#rw@?KIZf&#v,4
316,Meryl Mallabar,mmallabar8r@cdbaby.com,+86 381 699 5928,23204578,mmallabar8r,uW2xQfdn4%bUjGo,3
317,Fredericka Lilian,flilian8s@goo.gl,+62 216 219 5378,32841432,flilian8s,"nN3""ZSkY",5
318,Aida Irvine,airvine8t@netvibes.com,+962 592 445 6562,15011751,airvine8t,hU2>klYk,7
319,Francesca Frosdick,ffrosdick8u@mtv.com,+351 410 444 2487,37229677,ffrosdick8u,oO5zdOM&K1,7
320,Mata Dinneges,mdinneges8v@ucoz.com,+31 995 162 8224,37212085,mdinneges8v,wN0wzL~GB`PQt49,5
321,Rafaela Raittie,rraittie8w@economist.com,+86 502 145 3621,16528946,rraittie8w,hV3|x?f`FiubhHh,7
322,Natalie Harvatt,nharvatt8x@utexas.edu,+86 844 829 7757,23920449,nharvatt8x,mR6qln<#',1
323,Gregorio Botting,gbotting8y@cocolog-nifty.com,+86 114 906 2438,37323695,gbotting8y,rL1<l!mnY#,3
324,Buddy Petrusch,bpetrusch8z@fda.gov,+47 951 111 1895,36427086,bpetrusch8z,uS4N)ptqbGG__#Fz,8
325,Helen Moakes,hmoakes90@qq.com,+358 373 644 6018,41108045,hmoakes90,"mU0{aT""FI5",1
326,Avram Heinlein,aheinlein91@merriam-webster.com,+7 684 465 6109,29820313,aheinlein91,dZ7A'LTwY,3
327,Bobinette Harefoot,bharefoot92@elpais.com,+86 914 435 7678,23787463,bharefoot92,cD6B2165VTE,7
328,Sanford Christy,schristy93@vkontakte.ru,+54 125 445 8599,43751084,schristy93,pE0Uw?Qq#e*Osk,8
329,Warde Claris,wclaris94@google.de,+62 893 219 0915,24615986,wclaris94,wP2)m%|/51r'W\r2,3
330,Gray Hooke,ghooke95@washington.edu,+994 554 495 7798,22319884,ghooke95,wN0H0G4gw,3
331,Isa Lunny,ilunny96@t.co,+62 499 837 3374,41191159,ilunny96,xY0Z_zP>{mzJB9!,1
332,Vanda Yellop,vyellop97@infoseek.co.jp,+1 512 215 1975,34047495,vyellop97,jJ6YER9=%}gQSpH,1
333,Tades Pendlington,tpendlington98@ifeng.com,+7 606 231 3042,19334337,tpendlington98,"gR9Wi{$,+6M",7
334,Palm Fison,pfison99@about.com,+33 208 607 2471,36565375,pfison99,fY1~jsP@EUb=X,8
335,Ruthy Slator,rslator9a@samsung.com,+62 291 365 0237,20196147,rslator9a,cQ2eWW%3wc0tO_QL,3
336,Alanna Biggs,abiggs9b@marriott.com,+81 956 782 0995,33907829,abiggs9b,"rI8U$901I6JJ)QO""",7
337,Haily Footer,hfooter9c@fastcompany.com,+92 750 130 4481,18678857,hfooter9c,iL3SfnfHGPr,2
338,Benjamen Pittendreigh,bpittendreigh9d@jugem.jp,+86 840 238 8490,29672373,bpittendreigh9d,aJ9/1TB=#k6p.,8
339,Ciel Lampkin,clampkin9e@theatlantic.com,+86 235 417 7272,16106113,clampkin9e,"cU2I,D\Hu",3
340,Ignazio Pinfold,ipinfold9f@e-recht24.de,+27 990 707 4183,32757702,ipinfold9f,hA8Nj)j%=|rkgY\,8
341,Roze Damrell,rdamrell9g@goo.ne.jp,+355 114 676 8893,30485349,rdamrell9g,fU1I`tSB*'$VO+},6
342,Lindsey Durham,ldurham9h@ovh.net,+372 119 601 3784,41120408,ldurham9h,"gJ7O0+Y,6F1B",1
343,Carena Bussey,cbussey9i@moonfruit.com,+7 655 767 4536,22900570,cbussey9i,lW1'RRpA+qmPKO,5
344,Tobi Loosley,tloosley9j@i2i.jp,+86 330 776 1056,16060465,tloosley9j,"rA5aLY%QP4""HEiyj",1
345,Faustina Lothean,flothean9k@mit.edu,+34 760 954 9184,27797454,flothean9k,gD0KE$nfp,6
346,Robby Colwell,rcolwell9l@prweb.com,+381 258 520 9345,19028246,rcolwell9l,kF2R\QpJ!Qy,6
347,Johnnie Lilford,jlilford9m@biglobe.ne.jp,+234 757 382 6220,15023655,jlilford9m,vH8%`i)dzOH@(l,8
348,Dale Caton,dcaton9n@nymag.com,+48 665 217 8549,37707615,dcaton9n,aR4}~w*?Bj32BdF,6
349,Jordan Jeroch,jjeroch9o@ihg.com,+355 870 990 9535,21906507,jjeroch9o,"lP7""2p#4UO&R0\b",3
350,Darleen Kemson,dkemson9p@dailymail.co.uk,+234 442 263 1738,30334258,dkemson9p,sO0~+7_H)6pX,3
351,Prentice Spires,pspires9q@google.co.jp,+252 200 847 8842,39992240,pspires9q,iR4aisQ5rm77((,5
352,Shandee Lequeux,slequeux9r@ucoz.com,+63 898 773 2578,36572265,slequeux9r,yE8f2w?A(me<7P,6
353,Herbert Sifleet,hsifleet9s@cafepress.com,+48 797 266 2136,37171027,hsifleet9s,dW7j9cAdw,4
354,Wilmer Corr,wcorr9t@baidu.com,+235 613 155 8672,23759130,wcorr9t,"eW7,(_#RtA3",8
355,Melonie Ikin,mikin9u@hud.gov,+62 650 691 3057,21097248,mikin9u,hM9)Ph6),6
356,Reinaldo Timcke,rtimcke9v@senate.gov,+86 898 967 2303,34529482,rtimcke9v,vI6~taDG,5
357,Gaspar Rudgard,grudgard9w@unblog.fr,+62 426 497 4064,42159931,grudgard9w,"iY3T!X\M4_owJ/\,",3
358,Idalia Dobel,idobel9x@mapy.cz,+56 568 887 3945,33284398,idobel9x,bJ2!Dy_vyynk,6
359,Barbey Gabbatt,bgabbatt9y@qq.com,+7 408 794 6925,28658919,bgabbatt9y,gT4}~~%f\c?,6
360,Gwenni Couves,gcouves9z@illinois.edu,+55 776 332 4070,40465372,gcouves9z,dX1JxeHJHl!n1eh,3
361,Erica Giles,egilesa0@ow.ly,+86 573 884 3039,20868158,egilesa0,iK7Hp7%jI,3
362,Gilda Arlet,garleta1@plala.or.jp,+33 445 276 1284,21902450,garleta1,nW4|1%21,7
363,Venita Antonucci,vantonuccia2@yahoo.com,+33 691 688 9992,38736609,vantonuccia2,yP7ErMzhnB@BW<,7
364,Hardy Broadbridge,hbroadbridgea3@google.de,+678 563 175 6277,42083167,hbroadbridgea3,aA4??=b>f/.1x,4
365,Judi Heifer,jheifera4@acquirethisname.com,+7 894 303 5556,43078223,jheifera4,zY1eea}i6+,7
366,Korella Prujean,kprujeana5@xing.com,+51 442 581 4611,40186987,kprujeana5,"pN9!Yhwq1,kbbB",1
367,Stewart Oldknowe,soldknowea6@answers.com,+86 575 190 7459,17250121,soldknowea6,yE0u>%Sk8\G,1
368,Lorianne Peyes,lpeyesa7@samsung.com,+62 553 435 1469,32499269,lpeyesa7,iS2Yoo6}?/on3,5
369,Christoforo Durbyn,cdurbyna8@stumbleupon.com,+48 272 110 0174,37745688,cdurbyna8,lT1GIXD5oA,5
370,Davy Glennie,dglenniea9@webs.com,+7 774 372 2937,32095046,dglenniea9,sP7/&<q=Ez<q,3
371,Dom Schnitter,dschnitteraa@imdb.com,+48 268 608 9350,38580498,dschnitteraa,mH0a{x{8Qvk,2
372,Cornela McCourtie,cmccourtieab@globo.com,+963 880 407 9586,38732529,cmccourtieab,sR4JT\4S7b%.#f|s,3
373,Larry Cornfoot,lcornfootac@deliciousdays.com,+359 245 280 1003,33415872,lcornfootac,"eK3pv'""bk~dr",1
374,Ware Alsina,walsinaad@cafepress.com,+30 460 433 5995,28590918,walsinaad,pJ6g>)jCu!=m,3
375,Jason Ivatts,jivattsae@discovery.com,+62 326 478 6278,28394681,jivattsae,"qE8""77y{)FguQ",6
376,Afton Frankcombe,afrankcombeaf@economist.com,+52 635 255 3885,29979503,afrankcombeaf,xA8r5>q~LWKSSF#,2
377,Ollie Dupoy,odupoyag@wiley.com,+86 242 659 1428,37741328,odupoyag,aU2ZPUT&lrbMUK,3
378,Didi Yerlett,dyerlettah@toplist.cz,+212 517 887 2550,33399029,dyerlettah,"rJ3&A#,x",4
379,Hendrika Babar,hbabarai@symantec.com,+7 119 281 6193,33640824,hbabarai,hR0Z>2`8V5,8
380,Sammy Beartup,sbeartupaj@yahoo.co.jp,+33 940 110 9569,40274547,sbeartupaj,yX2WAN4nU3tJFX,1
381,Cece Blakeslee,cblakesleeak@msn.com,+505 530 757 1921,28733716,cblakesleeak,"nN8n/d_ryivEX\""z",1
382,Leopold Parkman,lparkmanal@bizjournals.com,+238 542 301 9802,16656295,lparkmanal,rF9X*`EZ7{7uxS8,6
383,Evvy Cussins,ecussinsam@java.com,+62 595 413 2827,41459786,ecussinsam,gL6@(481}B!g`2,6
384,Edee Lindblad,elindbladan@msu.edu,+351 359 729 7432,43316592,elindbladan,"yS7,U(fGsz",2
385,Sascha Piscopo,spiscopoao@army.mil,+86 359 314 3822,18032310,spiscopoao,"nW8k%}dU""P",5
386,Hubert Badam,hbadamap@lycos.com,+420 589 372 7143,37245784,hbadamap,oN08X1cJEpkI$j9,7
387,Theresina Slader,tsladeraq@google.ru,+63 203 792 7637,26402589,tsladeraq,gU0_wQ!$`S,2
388,Bert Barrack,bbarrackar@shinystat.com,+595 359 934 1963,31879033,bbarrackar,sS0@@{@N,7
389,Austen Hebblethwaite,ahebblethwaiteas@over-blog.com,+420 839 346 2906,27560064,ahebblethwaiteas,cA9u`+POTt,4
390,Melonie Marcum,mmarcumat@sfgate.com,+86 846 550 4429,35418812,mmarcumat,xZ1)jfEv477,1
391,Keslie Birdfield,kbirdfieldau@archive.org,+62 703 955 4284,26449800,kbirdfieldau,aA4ymLlo92,2
392,Pierre Petche,ppetcheav@redcross.org,+55 955 920 3075,17534164,ppetcheav,bS6MIV5RUdU,1
393,Leanna De Freyne,ldeaw@dailymail.co.uk,+30 147 798 3929,19920245,ldeaw,cK3uYxw\to(,4
394,Eolande Welch,ewelchax@purevolume.com,+48 936 387 1889,25971568,ewelchax,mN2&ziFvaL6Q?97z,4
395,Elvira Ablewhite,eablewhiteay@slashdot.org,+255 829 257 3222,41204050,eablewhiteay,sG2o`9)(d(qKD%,8
396,Heidie Salliere,hsalliereaz@yelp.com,+62 581 392 5775,17656750,hsalliereaz,eC24>4BX4!,4
397,Abbey Gorgler,agorglerb0@mysql.com,+386 691 562 9068,39540508,agorglerb0,sJ1<%u6+1t%NrIk,4
398,Erich Hulance,ehulanceb1@cam.ac.uk,+51 533 683 3517,30242931,ehulanceb1,qA1W9)?Bx,5
399,Aarika Wermerling,awermerlingb2@state.gov,+86 123 620 7427,34423940,awermerlingb2,rJ7DjwNj!aC{n/im,6
400,Norton McCleod,nmccleodb3@chicagotribune.com,+81 172 766 1054,16302972,nmccleodb3,"bN9#A,euQgi",6
401,Leonelle Keary,lkearyb4@go.com,+267 413 888 1381,41609226,lkearyb4,"gZ0`5,H\",6
402,Traver Pirt,tpirtb5@123-reg.co.uk,+1 718 576 6151,21177202,tpirtb5,vF9hT+}I8v,1
403,Angel Newband,anewbandb6@ifeng.com,+86 633 921 7994,23868942,anewbandb6,"cX1od2<4""",6
404,Nessy Childers,nchildersb7@vk.com,+63 315 318 2743,40148501,nchildersb7,dP6Em_B+QIGGzQr,2
405,Adrienne Aland,aalandb8@yolasite.com,+86 861 683 7680,24499853,aalandb8,zM16G0*jeS3R,2
406,Xena Ogborn,xogbornb9@google.fr,+57 440 678 1787,28048932,xogbornb9,mD8Yw(fr6yY,6
407,Margarete Mooring,mmooringba@boston.com,+62 193 252 6502,38953847,mmooringba,jQ8nB=d'alAs3z=,3
408,Lock Ridesdale,lridesdalebb@yandex.ru,+63 599 793 3972,23135780,lridesdalebb,uE5bFy_Ma'~tEa,1
409,Tiffi Jacmard,tjacmardbc@usnews.com,+993 988 837 8176,25376604,tjacmardbc,bK3pWA7cv_,3
410,Kesley Beining,kbeiningbd@google.fr,+62 403 229 0492,43652888,kbeiningbd,mB9|(d$e>O<_N,7
411,Natal Bonett,nbonettbe@etsy.com,+675 275 914 9900,35884525,nbonettbe,cJ3U=I52s2csX!c,7
412,Stanton Jepperson,sjeppersonbf@hp.com,+31 750 141 4775,36520621,sjeppersonbf,gQ1@u4ma~Ngp+Jfu,2
413,Mignonne Gierek,mgierekbg@unc.edu,+46 119 606 4271,35613628,mgierekbg,pI7twl_f>y7WTIIa,1
414,Brett Ivashnyov,bivashnyovbh@google.com.hk,+62 818 693 4867,33716990,bivashnyovbh,oP6Lhg_{OH),2
415,Giana Staker,gstakerbi@digg.com,+7 575 915 5082,22546577,gstakerbi,kZ9%Vlu2Jj,4
416,Nollie Gowans,ngowansbj@icq.com,+351 837 984 1082,19167549,ngowansbj,iN3m}iHg+mZ\4,5
417,Vera Tawn,vtawnbk@usgs.gov,+976 125 748 0785,42673792,vtawnbk,xS8ADej0QUXu,2
418,Harlene Necolds,hnecoldsbl@opera.com,+33 342 851 0688,42508270,hnecoldsbl,tC2ME'4K,4
419,Dione Martinon,dmartinonbm@google.nl,+598 240 997 0549,29551186,dmartinonbm,qI7zueG9$(9?#`H,7
420,Maggie Ferry,mferrybn@google.nl,+244 225 986 5980,33713623,mferrybn,bU7g*5fTE7vUJ0c,2
421,Emilia Feldfisher,efeldfisherbo@sohu.com,+63 352 372 6442,30080709,efeldfisherbo,cW6dRkJ/Z<ti,1
422,Dal Czadla,dczadlabp@cbsnews.com,+504 954 897 7701,37337129,dczadlabp,xX9Yq$83Qit1@z,4
423,Enrika Sowrah,esowrahbq@nhs.uk,+86 641 239 3633,30349935,esowrahbq,"oT3&53_=>S""D2",4
424,Kendre Hymor,khymorbr@buzzfeed.com,+62 743 538 4687,28260297,khymorbr,oS99>2C+<mZ,8
425,Randie Dimelow,rdimelowbs@weibo.com,+62 911 724 9440,36841969,rdimelowbs,nS1qCY#xjU,3
426,Valerye Pozzi,vpozzibt@bloglines.com,+86 414 213 4708,27817049,vpozzibt,lX1P>66QbF_UlwA,5
427,Byrle Jenik,bjenikbu@ed.gov,+504 667 334 5698,37648524,bjenikbu,iD6/Fb|<g)+RYb,6
428,Malena Alflatt,malflattbv@wired.com,+1 347 394 1127,26531217,malflattbv,dI3{amr\WC!,6
429,Alvera Kibel,akibelbw@businessweek.com,+62 101 815 7580,25041226,akibelbw,bC59J(8H7`WzK,6
430,Lamont Rands,lrandsbx@desdev.cn,+46 764 908 0713,22694330,lrandsbx,zT71(qaWb&aaTK,8
431,Ruy Pauncefort,rpauncefortby@mapquest.com,+374 620 411 5669,17827635,rpauncefortby,eD9Qm&yID,3
432,Susy Galero,sgalerobz@webnode.com,+1 303 257 3357,17532757,sgalerobz,aY39=5S+,4
433,Stesha Mabbutt,smabbuttc0@privacy.gov.au,+7 644 474 5989,17450417,smabbuttc0,oE7@|f_fPQk,2
434,Otto Goodbanne,ogoodbannec1@gnu.org,+46 994 802 9660,38602733,ogoodbannec1,gM9rEvzdxQqhnC,8
435,Sly Rowswell,srowswellc2@cbsnews.com,+351 315 395 2672,35144796,srowswellc2,sL8i34u#nCe1cj),8
436,Jehanna Menendez,jmenendezc3@taobao.com,+380 302 862 5640,17358593,jmenendezc3,aI9>6.5B_8h,1
437,Alberto Letcher,aletcherc4@telegraph.co.uk,+86 902 258 6532,22997896,aletcherc4,hN1Ya8Zqje,5
438,Hatty Hrynczyk,hhrynczykc5@google.com,+996 956 345 5217,44109502,hhrynczykc5,lV9X4z8k+0Z!G_t,6
439,Kassie Dafter,kdafterc6@shinystat.com,+55 654 741 0562,42328272,kdafterc6,jN5'doE)w3UH+2wz,4
440,Brucie Wagge,bwaggec7@geocities.com,+370 227 509 8146,32087389,bwaggec7,"sD0,F!&oR",1
441,Nora Beiderbeck,nbeiderbeckc8@blinklist.com,+86 362 902 7321,23885384,nbeiderbeckc8,pK4roBvf~|J{,1
442,Elmore Cornier,ecornierc9@friendfeed.com,+48 374 118 0240,37762538,ecornierc9,hE8.<l8V@o}iY>o,6
443,Merrill Hillaby,mhillabyca@yahoo.co.jp,+420 897 919 9254,35176293,mhillabyca,"gM9fWqQ,@M)b<Ls<",4
444,Ashbey O'Currigan,aocurrigancb@bing.com,+595 781 712 2774,41065778,aocurrigancb,fI3EoqQjy}ua,5
445,Jennifer Woolvin,jwoolvincc@virginia.edu,+86 547 922 0360,16645841,jwoolvincc,kQ7Tg4)RP})Ynt,4
446,Bari Pendrigh,bpendrighcd@ihg.com,+34 395 895 8073,37524546,bpendrighcd,vF92Ow%/M,2
447,Fidela Malan,fmalance@wordpress.com,+7 327 755 1921,41887005,fmalance,lM2opgderTA,3
448,Penrod Waszkiewicz,pwaszkiewiczcf@abc.net.au,+30 852 559 3499,16001913,pwaszkiewiczcf,iN0LY'p(sKDd0Q,3
449,Elroy Cann,ecanncg@tripadvisor.com,+30 144 557 1805,44221015,ecanncg,"gE3""b6qC`(ew0h",5
450,Avram Semiraz,asemirazch@loc.gov,+66 755 929 5492,28097903,asemirazch,eX1floPbbu(,2
451,Kimmy Gannicott,kgannicottci@uiuc.edu,+81 176 181 3337,39982211,kgannicottci,gZ1(iv%p3b~~,6
452,Lucine Applegate,lapplegatecj@dion.ne.jp,+86 609 735 4232,23737830,lapplegatecj,wQ7eeB{tE<,2
453,Celene Lomasna,clomasnack@hubpages.com,+62 958 401 8607,43992408,clomasnack,iC3kS2AZ3!mL&D,2
454,Dov Tukely,dtukelycl@mlb.com,+7 926 876 0079,30498860,dtukelycl,yP80$Wt4n@r`O,8
455,Debby Calafato,dcalafatocm@ca.gov,+57 125 120 4097,30223015,dcalafatocm,dY05<3(Vl{,7
456,Grayce Bower,gbowercn@gnu.org,+351 607 497 0695,35822612,gbowercn,xY4w=OUUi,8
457,Wilburt Yter,wyterco@homestead.com,+51 664 284 8233,19994088,wyterco,qQ4BBEw?(|},4
458,Aksel Lawtey,alawteycp@sourceforge.net,+46 461 973 5192,43030223,alawteycp,"lQ88qqcny&,",4
459,Charmian Burgoin,cburgoincq@wufoo.com,+225 924 806 9512,23049392,cburgoincq,gS1mxDYVmTw\y&,3
460,Danika Kunc,dkunccr@github.com,+86 278 259 8236,25534889,dkunccr,yH230Q%s8ro,7
461,Jannelle Rentalll,jrentalllcs@upenn.edu,+86 816 809 8097,21110036,jrentalllcs,aF2L@novg2%,2
462,Avrit Yokelman,ayokelmanct@gizmodo.com,+7 612 242 0715,15056736,ayokelmanct,"yW4iZiMd,8qKu+PS",1
463,Jefferey Meriet,jmerietcu@mysql.com,+7 527 722 3748,34800824,jmerietcu,vQ1(FXJLk,7
464,Kilian Paprotny,kpaprotnycv@loc.gov,+963 529 639 6110,31934901,kpaprotnycv,uI6PBiTCn?'Ia,1
465,Nicola Maureen,nmaureencw@gnu.org,+60 418 476 3341,21330374,nmaureencw,"nF4ptHS|*i""N8",5
466,Elfie Breagan,ebreagancx@artisteer.com,+27 943 466 1314,25487619,ebreagancx,hD4YGOl!HAV,8
467,Augustine Japp,ajappcy@rakuten.co.jp,+46 268 304 7478,22368715,ajappcy,rL81Y|U+,8
468,Debra Slimmon,dslimmoncz@ocn.ne.jp,+86 969 595 9390,26681885,dslimmoncz,vA9c9>wn9,4
469,Wilfred Bynold,wbynoldd0@linkedin.com,+62 621 854 2790,18627015,wbynoldd0,fB3{EJE8\~Mw0,7
470,Barton Lautie,blautied1@imageshack.us,+45 444 618 3001,36711258,blautied1,"tZ4f2""BT4",3
471,Rozalie Boole,rbooled2@barnesandnoble.com,+7 344 708 5649,31848794,rbooled2,kR8LWZ4k,4
472,Bobette Tynnan,btynnand3@google.com,+30 227 794 8265,16118275,btynnand3,fJ8ljFk',7
473,Patrizio Chaldecott,pchaldecottd4@hhs.gov,+7 526 196 6894,20420539,pchaldecottd4,aS7TkJ+!w2,2
474,Bernadene Rapper,brapperd5@yale.edu,+420 171 780 3553,37535207,brapperd5,sC0l$SrIg7T$,4
475,Dean Winscum,dwinscumd6@irs.gov,+86 942 115 8159,34938361,dwinscumd6,fL57.DuP,8
476,Willie Lammerts,wlammertsd7@jalbum.net,+62 806 472 9658,33727681,wlammertsd7,cV3>$32s\gS6?B|,3
477,Quintus Lowden,qlowdend8@usatoday.com,+7 328 949 8837,44822923,qlowdend8,"lK1MhK,D<~e#*#",5
478,Cindy Fido,cfidod9@tuttocitta.it,+254 768 861 6720,38924340,cfidod9,jT9>4rd(b@{w1`GC,3
479,Filberte Puckett,fpuckettda@gizmodo.com,+48 536 357 3577,24255371,fpuckettda,jM0>|Wh.1n4C.,5
480,Martelle Manchester,mmanchesterdb@redcross.org,+63 154 776 4505,28862861,mmanchesterdb,"kQ0'""s@SJ9",6
481,Gwynne Jeppe,gjeppedc@addtoany.com,+55 888 349 3019,23341830,gjeppedc,qV9yj_Bcx$U,8
482,Lilian Keunemann,lkeunemanndd@stumbleupon.com,+63 873 469 8748,31593759,lkeunemanndd,sR4WZ!uuMk3n,5
483,Jacquelynn Pitman,jpitmande@oakley.com,+372 180 270 0318,34463276,jpitmande,"rK0i}|kH,=cxul{",4
484,Ham Verlinde,hverlindedf@hhs.gov,+7 124 210 3383,16661322,hverlindedf,xA6NQ\0q,1
485,Kermit Blackie,kblackiedg@sina.com.cn,+351 684 475 6492,42607246,kblackiedg,gK9+$+><|!=,1
486,Miles Cattell,mcattelldh@barnesandnoble.com,+62 727 744 4569,15029346,mcattelldh,kK9>qOfo5,3
487,Sandy Dunning,sdunningdi@amazon.com,+7 216 607 8718,35599712,sdunningdi,dY8h&$=oOTnl$R}*,2
488,Gris Oxburgh,goxburghdj@livejournal.com,+7 927 349 6018,20815038,goxburghdj,"tW4x,OH1s",7
489,Garth Cowdery,gcowderydk@chronoengine.com,+46 641 815 7178,15232566,gcowderydk,"hH65IUT2""jY|",2
490,Carlota Scamerdine,cscamerdinedl@cbsnews.com,+63 585 827 8303,42836359,cscamerdinedl,vJ4a$'i0x,8
491,Maisey Langstrath,mlangstrathdm@boston.com,+374 919 753 4947,33526748,mlangstrathdm,iK0V\%QN,4
492,Drugi Chastand,dchastanddn@cocolog-nifty.com,+33 628 286 1994,33093880,dchastanddn,"kL4B1ULEM1Gei,",1
493,Harlene Humphery,hhumpherydo@reddit.com,+48 817 794 2167,21599654,hhumpherydo,aT5pkVE#,1
494,Ricard Cristofvao,rcristofvaodp@about.me,+33 326 224 6354,42803066,rcristofvaodp,dT4BQd_j5Qzy,5
495,Margette Chomiszewski,mchomiszewskidq@eventbrite.com,+86 689 581 5328,17860091,mchomiszewskidq,lJ3*(ua>,8
496,Irv Bottell,ibottelldr@ning.com,+48 305 887 8346,43700859,ibottelldr,dI52wp7C,2
497,Kary Lowen,klowends@facebook.com,+46 197 515 0317,27218160,klowends,gT3tvPVHgvF},4
498,Torie Teek,tteekdt@dot.gov,+86 223 997 7234,36477470,tteekdt,tJ7X)_gE,8
499,Adrian Southcoat,asouthcoatdu@mit.edu,+66 352 134 5742,43570185,asouthcoatdu,"iV5z_O@@q""wAkVf",7
500,Dominga Ferneley,dferneleydv@google.com.hk,+1 549 622 2186,21728598,dferneleydv,lI8bNCy_H?,1
501,Phil De Cleyne,pdedw@drupal.org,+372 265 645 9302,28454229,pdedw,mE10UoJM.I<*,7
502,Leontine Blandamore,lblandamoredx@psu.edu,+48 813 632 9436,20869648,lblandamoredx,"wR3|SN+|kT,@6",2
503,Rolph Munns,rmunnsdy@wunderground.com,+86 885 829 6266,38866446,rmunnsdy,uE8M>&Ug7F2,3
504,Doreen Razzell,drazzelldz@slashdot.org,+62 440 771 3431,19091754,drazzelldz,yO6sKN.PgB'L3P,3
505,Parsifal Saggs,psaggse0@umn.edu,+86 522 130 5482,42364277,psaggse0,pU4IJN$>,6
506,Thomas Jerke,tjerkee1@xinhuanet.com,+62 390 548 6871,15582021,tjerkee1,zD3}CYkWu_/,5
507,Elita Willimont,ewillimonte2@sfgate.com,+54 708 611 9100,15308790,ewillimonte2,"uV215,d>uY_O.T<c",1
508,Blane O'Hartnett,bohartnette3@twitter.com,+7 913 931 6380,20885753,bohartnette3,oX5m={Cwv6+m7,3
509,Daisy Letford,dletforde4@ask.com,+380 977 175 3597,16861716,dletforde4,zC4{LKqMK7&S,6
510,Marlyn Grouse,mgrousee5@amazon.co.jp,+31 925 332 5769,35190703,mgrousee5,pZ3#t72pzv,2
511,Cecilio Gilloran,cgillorane6@forbes.com,+62 586 706 4673,33803088,cgillorane6,eJ1A41?JN,2
512,Shay Fudge,sfudgee7@feedburner.com,+46 461 888 8488,38397070,sfudgee7,hS5uw#h3sZhb4fek,1
513,Salomi Bell,sbelle8@narod.ru,+55 290 849 7062,26294378,sbelle8,"jE0,XdkleWEjY+le",8
514,Lawrence Corkill,lcorkille9@buzzfeed.com,+63 156 448 8755,19781976,lcorkille9,gM34h7*xHxxhEIGO,1
515,Barri Westoff,bwestoffea@npr.org,+351 808 930 7772,33854753,bwestoffea,fR2iKkZG,5
516,Hadlee Brassington,hbrassingtoneb@berkeley.edu,+63 163 836 2651,30902382,hbrassingtoneb,"pP6bw(q57R""WhW8|",3
517,Obie Domerq,odomerqec@java.com,+46 247 969 6934,34220072,odomerqec,"jP7Hv#`,a",5
518,Penny Bille,pbilleed@squidoo.com,+46 755 457 9391,24657805,pbilleed,lN0_4`YQ)wo\l,2
519,Mervin Symington,msymingtonee@fda.gov,+7 855 802 1086,24081378,msymingtonee,xK5Nv?lKAc4,1
520,Peyter Cressor,pcressoref@ning.com,+57 953 714 4491,15763245,pcressoref,rD4A6@Cx\a'6ud,1
521,Mic Solway,msolwayeg@census.gov,+977 314 364 9008,28715185,msolwayeg,pF28h{&GLZFx,2
522,Anderea Southworth,asouthwortheh@microsoft.com,+30 292 390 9565,36211035,asouthwortheh,jZ3(fg\ux,1
523,Heinrik Battrick,hbattrickei@alibaba.com,+224 913 545 5786,34698549,hbattrickei,qM6oBk@uYEENNqA,5
524,Erinna Berecloth,ebereclothej@shareasale.com,+86 325 789 2623,40323027,ebereclothej,jH5x5V*PwMnJr</,4
525,Ellerey Lowrance,elowranceek@ehow.com,+55 424 550 8813,30697381,elowranceek,cX7b`A}bH{vu}bSW,2
526,Louella Paulillo,lpaulilloel@senate.gov,+84 487 125 9820,17764238,lpaulilloel,pF6fa/wVA=s!#g,5
527,Ignaz Platts,iplattsem@alibaba.com,+256 595 326 8905,44766571,iplattsem,"mK9%F,XO2Hu0$",8
528,Selby Chumley,schumleyen@who.int,+63 834 444 9378,16089437,schumleyen,yP0kGt(isE,6
529,Bennie Mendel,bmendeleo@1688.com,+86 628 415 2253,33039988,bmendeleo,hF5}kLKvCW,5
530,Reynard Tomenson,rtomensonep@wix.com,+269 482 786 2636,35561224,rtomensonep,aB7F1P4/},8
531,Vinni Hazzard,vhazzardeq@wsj.com,+81 939 847 4966,36689716,vhazzardeq,rW1(#&wJUKa9ED,7
532,Vanessa Vitler,vvitlerer@clickbank.net,+380 499 140 9786,15881019,vvitlerer,rU8{QDyE<s9@*,2
533,Susanna Tatlock,statlockes@hostgator.com,+970 187 827 3493,32692265,statlockes,kL9_2!`m=k!oU!,8
534,Reginald Jurisch,rjurischet@163.com,+383 379 492 0954,43892862,rjurischet,uK0XXj<}XkM,2
535,Cornela Skyram,cskyrameu@list-manage.com,+385 699 159 3034,18189045,cskyrameu,iH10m#gf6{JqbG,2
536,Ezechiel Salzburger,esalzburgerev@buzzfeed.com,+86 587 884 8868,39153257,esalzburgerev,kF9mN$hdM@?l,3
537,Sigfrid Filer,sfilerew@acquirethisname.com,+86 785 647 5186,15109171,sfilerew,iA9xO\c.$+h{IuN,4
538,Carl Eddolls,ceddollsex@sakura.ne.jp,+86 381 622 4076,23063156,ceddollsex,vE56MTsCDU5>)m8H,4
539,Katharyn Greaves,kgreavesey@nydailynews.com,+351 204 872 4700,44433953,kgreavesey,yX4WoW?F0,1
540,Chrisy Ralls,crallsez@vkontakte.ru,+7 970 531 3524,21071607,crallsez,zA1r}9LKdS?YC}p.,6
541,Corrina Renney,crenneyf0@hao123.com,+48 618 588 9978,22068035,crenneyf0,yS0v02smC(,6
542,Cora Furneaux,cfurneauxf1@shinystat.com,+84 205 642 4964,23852244,cfurneauxf1,zG0x%x6jAmZDs%HT,7
543,Chen Burker,cburkerf2@bloglovin.com,+62 609 525 2981,25187447,cburkerf2,sM95$p0&ntQVS=!,5
544,Niko Alldred,nalldredf3@salon.com,+380 662 884 4190,41432827,nalldredf3,tP0#><#P,7
545,Jacklin Philipsohn,jphilipsohnf4@last.fm,+51 550 986 6852,28477070,jphilipsohnf4,"iQ3gho""%i6LYckwD",7
546,Kimmie Trenouth,ktrenouthf5@printfriendly.com,+86 393 454 5812,35428135,ktrenouthf5,lO8Fxe*5JiB5!),7
547,Gaylor Cant,gcantf6@nationalgeographic.com,+7 436 573 1305,36085231,gcantf6,pG8c>b*@af,5
548,Darius Raubenheim,draubenheimf7@geocities.jp,+82 396 573 4528,36703150,draubenheimf7,pC5FAQQn/iQ=l+9l,6
549,Pierrette Alder,palderf8@goodreads.com,+48 702 637 3246,44683029,palderf8,pA7Yv!dH,6
550,Farica Snazel,fsnazelf9@slideshare.net,+62 350 655 7659,42207344,fsnazelf9,mG6/Ko4P,2
551,Sibeal Alliker,sallikerfa@dmoz.org,+351 685 705 2518,42436615,sallikerfa,qT367H&fX`n9+49>,5
552,Jorgan Brownjohn,jbrownjohnfb@apple.com,+351 102 742 7771,44975278,jbrownjohnfb,uC859g)EvusI1/h,5
553,Wiatt MacKnight,wmacknightfc@whitehouse.gov,+62 932 225 2783,17046612,wmacknightfc,cS1jix.le&E.f6,5
554,Weylin Alyoshin,walyoshinfd@google.pl,+62 351 785 6090,23221292,walyoshinfd,tJ7wj6+fz=0k)O#@,2
555,Andee Pighills,apighillsfe@netlog.com,+504 148 715 8893,33963630,apighillsfe,rT5TpFk1,3
556,Dionysus MacGraith,dmacgraithff@unicef.org,+51 775 662 7074,26665827,dmacgraithff,"tF57`QBQT,",8
557,Othelia O'Sharkey,oosharkeyfg@gravatar.com,+420 833 437 1848,42535765,oosharkeyfg,rG3zVZ@wF|b,4
558,Courtnay Lucius,cluciusfh@ca.gov,+1 391 509 4919,36813105,cluciusfh,"gV9""V.(W~$pI!ZY",6
559,Livvy Allone,lallonefi@etsy.com,+46 243 647 7295,32509839,lallonefi,zP2$7tzAQF==L,3
560,Everard Nesfield,enesfieldfj@edublogs.org,+86 867 320 3569,27218322,enesfieldfj,kW3fY*?fQySORI2,4
561,Diane Ramsdale,dramsdalefk@last.fm,+380 550 801 6568,21523541,dramsdalefk,oJ64#F7M?a/m,1
562,Cort Carmel,ccarmelfl@github.io,+228 624 721 7237,16813694,ccarmelfl,yY8?eQ''#b,1
563,Buiron Beagles,bbeaglesfm@economist.com,+30 713 906 5704,28960026,bbeaglesfm,"gB3GzpB,C",3
564,Jammal Roskam,jroskamfn@elpais.com,+359 842 653 8967,31325859,jroskamfn,sT9QRf30`lO,3
565,Mari Begley,mbegleyfo@spiegel.de,+7 427 660 1776,32929160,mbegleyfo,jP5j&&d{4Df,1
566,Marlyn McLanachan,mmclanachanfp@engadget.com,+62 122 996 9262,30220003,mmclanachanfp,gE1ucD'L,3
567,Inesita Eate,ieatefq@skyrock.com,+49 862 450 3898,19914631,ieatefq,"tV08,gN<YG'dD",6
568,Doralynne Garlett,dgarlettfr@shutterfly.com,+81 778 487 6997,31247857,dgarlettfr,cR8UKS~r,7
569,Sissie Loudiane,sloudianefs@msu.edu,+30 828 442 1684,18837544,sloudianefs,"iV9T%Qb""'H",5
570,Alvan Wonham,awonhamft@xrea.com,+33 504 999 6456,17843734,awonhamft,oB1fsxb2KMa#w8,1
571,Jacintha Dooney,jdooneyfu@123-reg.co.uk,+63 326 638 9897,19124931,jdooneyfu,"yC2<J&=)?t`XH,",3
572,Karyl Werrit,kwerritfv@wsj.com,+58 762 296 5738,17754571,kwerritfv,bF5%IlF8e,2
573,Mathian Josselson,mjosselsonfw@walmart.com,+351 663 301 1666,27158745,mjosselsonfw,aB4wxqjBN,3
574,Lewiss Barnsley,lbarnsleyfx@youtube.com,+27 210 240 9303,42990420,lbarnsleyfx,dQ9oPj~Ts.336sQO,4
575,Randell Makeswell,rmakeswellfy@go.com,+63 671 127 4889,15768461,rmakeswellfy,hJ4{Frut,3
576,Corrie Stetson,cstetsonfz@posterous.com,+598 181 342 3421,27496884,cstetsonfz,jY2j%Lbewkt>Gw,8
577,Flint Addenbrooke,faddenbrookeg0@reddit.com,+86 829 427 6550,26940243,faddenbrookeg0,oD1OzjD@w\Uj>,8
578,Sande Gorse,sgorseg1@last.fm,+502 961 628 2312,37965708,sgorseg1,wF8kp=D(,2
579,Hermina Parchment,hparchmentg2@de.vu,+1 516 652 5860,30868437,hparchmentg2,iN2kNH6I,3
580,Micheil Priscott,mpriscottg3@geocities.com,+62 757 349 3998,26883886,mpriscottg3,oQ0jW*=F,5
581,Marsha Bollon,mbollong4@huffingtonpost.com,+63 717 163 3881,16618412,mbollong4,uF6Id'`1y@c%ei,4
582,Andree Honsch,ahonschg5@myspace.com,+86 271 697 0541,34217591,ahonschg5,uN4`$%H?WQ45>H,1
583,Matelda Bettington,mbettingtong6@ucoz.com,+1 212 180 8469,18094240,mbettingtong6,xY8H/jRek78H,2
584,Wallache Bruhnke,wbruhnkeg7@over-blog.com,+62 840 289 0218,37443474,wbruhnkeg7,hL42V|#a,5
585,Marleen Cropper,mcropperg8@bing.com,+358 690 857 6234,36825372,mcropperg8,zA7Ec<Kua%hC,4
586,Karlotta Goulder,kgoulderg9@surveymonkey.com,+86 189 482 5784,31648923,kgoulderg9,aS7>3yU\&N}*eM0,6
587,Inge Orton,iortonga@histats.com,+54 595 806 1707,31659091,iortonga,aP5eM%eI1na(48,5
588,Petey Pollen,ppollengb@psu.edu,+62 601 640 7294,44908029,ppollengb,wX3AiJNW&WH_(QRw,3
589,Karen Ovendon,kovendongc@issuu.com,+86 279 914 2555,31499112,kovendongc,dI7%omBh)O),5
590,Nikola Pechard,npechardgd@example.com,+86 792 467 0334,25585181,npechardgd,"qP5Xl'pP,aFF>e",5
591,Chrisse Darwin,cdarwinge@google.it,+62 123 694 6322,25387014,cdarwinge,rV1MRx$wY@cJiB/.,7
592,Maurise Torns,mtornsgf@bbc.co.uk,+62 923 990 8432,24186111,mtornsgf,yE5HEEa%),2
593,Julianne Timperley,jtimperleygg@php.net,+62 763 867 3542,35559253,jtimperleygg,rK3rWpA9FAr,6
594,Rodrique Challin,rchallingh@list-manage.com,+86 599 907 5302,35492726,rchallingh,hV9NQjaiF\3\{0>,1
595,Joye Stovold,jstovoldgi@woothemes.com,+33 816 556 9483,21371883,jstovoldgi,"kA78sH{/t0=,jFqh",1
596,Cull Prati,cpratigj@google.co.uk,+54 851 385 6496,43663447,cpratigj,pO75\')<$4iaL,3
597,Colene MacArte,cmacartegk@baidu.com,+62 438 976 8654,27917463,cmacartegk,tA9YJ|jk4*}YWn,7
598,Lombard Stannis,lstannisgl@miibeian.gov.cn,+46 371 103 7185,18257971,lstannisgl,xW4MFuQ)VS*,4
599,Ezra Toovey,etooveygm@patch.com,+46 240 245 5346,26884582,etooveygm,"rI9jio18oi""K",1
600,Oralee Uwins,ouwinsgn@hud.gov,+33 704 713 3866,27229015,ouwinsgn,sW6<R(_E,6
601,Nicholle Gaydon,ngaydongo@diigo.com,+62 137 964 9939,29728357,ngaydongo,"eV0%IyIg$i,",7
602,Martelle Mostin,mmostingp@home.pl,+86 698 290 6575,37669773,mmostingp,oO5E1iWM6,1
603,Massimo Dumpleton,mdumpletongq@europa.eu,+593 968 774 7721,35462215,mdumpletongq,"wY0xNq>,(8A/2%UL",3
604,Michel Broggetti,mbroggettigr@wikimedia.org,+48 787 883 5963,35776574,mbroggettigr,"aV1""kY.%t",2
605,Bryanty Kimbly,bkimblygs@trellian.com,+55 272 232 5178,16440725,bkimblygs,cE6@%/+>c{,5
606,Kimbra Labell,klabellgt@usnews.com,+82 927 514 1436,22067169,klabellgt,tE3bU8h_th9x{$vm,3
607,Adolpho Martyn,amartyngu@jimdo.com,+971 170 461 0541,34012356,amartyngu,kO686Hx+k3zC&m$Y,1
608,Agnola Fillery,afillerygv@over-blog.com,+46 429 407 5215,20599806,afillerygv,wT22IM`PUYwe~0,2
609,Jobi Perryman,jperrymangw@hexun.com,+355 563 542 3615,29325826,jperrymangw,sZ7z{%Ksr=q,3
610,Cleo Garz,cgarzgx@bandcamp.com,+86 679 151 3308,25050834,cgarzgx,yS7TA7gCOS<fci,1
611,Jacinda Buist,jbuistgy@hud.gov,+255 243 152 1349,26617066,jbuistgy,rA7mN*$Wpq,8
612,Diannne Wellington,dwellingtongz@webs.com,+970 748 699 7849,31079813,dwellingtongz,uO7H6IzZ#..Q++QV,6
613,Parke Pascho,ppaschoh0@nymag.com,+63 383 492 8671,36284849,ppaschoh0,"hJ5E(`@T,##",2
614,Carlota Dzenisenka,cdzenisenkah1@theglobeandmail.com,+86 423 924 5799,15678575,cdzenisenkah1,cO7tCJPRw'|hyQ,1
615,Shoshanna Keegan,skeeganh2@loc.gov,+359 155 121 5841,30023211,skeeganh2,"wC7A4R6Y',pF",6
616,Lucien Schankel,lschankelh3@yahoo.co.jp,+63 891 682 7367,42901056,lschankelh3,yL9l?ajM#h,8
617,Diarmid Nutton,dnuttonh4@house.gov,+7 302 638 4219,26735028,dnuttonh4,wP2rW=e7SKXix,6
618,Diane-marie Dorton,ddortonh5@dion.ne.jp,+81 664 244 4439,42715534,ddortonh5,wR6dzQrf1,6
619,Sosanna Twiname,stwinameh6@unblog.fr,+46 248 435 7224,18604730,stwinameh6,uC3=|1bpH3jQX=Tt,4
620,Maighdiln McGeffen,mmcgeffenh7@soup.io,+266 864 452 6013,33540954,mmcgeffenh7,mX1Sy21|m,7
621,Othello Bellie,obellieh8@mozilla.org,+7 169 269 3850,37411169,obellieh8,bA3Qz`8Styt9,1
622,Putnam Gebbe,pgebbeh9@upenn.edu,+86 131 277 6568,30944137,pgebbeh9,bC0u!M3s3\#mPO.,6
623,Sam Sailor,ssailorha@i2i.jp,+51 268 555 7518,23877980,ssailorha,rX9HEu(sv'0@,8
624,Marne Derrington,mderringtonhb@yolasite.com,+48 705 558 0923,37598950,mderringtonhb,lW2UQ2!J~_Z?,4
625,Bonnee Ayllett,baylletthc@bbc.co.uk,+372 306 940 1023,42133993,baylletthc,mD7Z7R|Lg\1'6,4
626,Solomon Le-Good,slegoodhd@reference.com,+86 431 395 5548,23116249,slegoodhd,aR3Wj6pgjh%zCN$*,5
627,Roselle Kochlin,rkochlinhe@globo.com,+53 906 441 9007,25601781,rkochlinhe,mO7nwJh79AY,8
628,Idell Iamittii,iiamittiihf@4shared.com,+86 681 418 7472,34969439,iiamittiihf,sN8J{\w{n,7
629,Cort Gercken,cgerckenhg@bbb.org,+358 369 877 2266,35918432,cgerckenhg,yP4vh/K}Rsr9,1
630,Ilaire Borghese,iborghesehh@wikimedia.org,+7 578 387 8355,22506165,iborghesehh,fG0n(h4&n#b(>v,3
631,Lucilia Gilbeart,lgilbearthi@mysql.com,+977 949 767 6755,42656663,lgilbearthi,bO3K1HRv,3
632,Chariot Hassard,chassardhj@admin.ch,+62 246 122 4533,20214077,chassardhj,"sB1""V3x~AZ{sgV",4
633,Charlene Lelliott,clelliotthk@hp.com,+86 581 825 8989,33749034,clelliotthk,fM81n*ZYq,7
634,Verne Hesey,vheseyhl@imageshack.us,+86 868 691 7042,16092510,vheseyhl,hD7sMRF@8qd>0HHE,8
635,Claire Laughnan,claughnanhm@techcrunch.com,+62 775 626 2125,29773458,claughnanhm,iR8'WDt!vL8,8
636,Tabbie Sempill,tsempillhn@nba.com,+355 996 110 3893,18805931,tsempillhn,kI9r4O|9~MDcUrH,2
637,Leodora Scheu,lscheuho@4shared.com,+234 568 637 8739,22424268,lscheuho,tD7&+$(7/1,6
638,Barbie Garrud,bgarrudhp@linkedin.com,+62 803 292 8234,23443724,bgarrudhp,gJ8l|ep)!tRUE'Q,1
639,Bonny Lanigan,blaniganhq@unicef.org,+420 498 537 9244,25678196,blaniganhq,sW2GJk2_,1
640,Addia Batisse,abatissehr@parallels.com,+220 962 729 7475,17221249,abatissehr,"dP2s{,Iu5j+",2
641,Hilly Rosenfrucht,hrosenfruchths@dell.com,+63 772 967 8565,17603280,hrosenfruchths,hN1v~>9m7UAJ,8
642,Chanda Delleschi,cdelleschiht@mozilla.com,+81 567 453 3517,21955505,cdelleschiht,lN9Lu~Jn'<k?,6
643,Lyndsey Ivushkin,livushkinhu@phoca.cz,+1 536 110 2232,16362002,livushkinhu,tZ8q/~(S,1
644,Tobe Headings,theadingshv@oakley.com,+63 568 954 7976,39037801,theadingshv,iB2F9_t2!a1mR,6
645,Alberto Fasse,afassehw@paginegialle.it,+86 733 665 3544,43147811,afassehw,gK5L?X>a_{i'w,7
646,Mike Tureville,mturevillehx@merriam-webster.com,+86 266 710 4016,18612392,mturevillehx,cH1>awU\L=5wd/,4
647,Ingeberg Ceeley,iceeleyhy@trellian.com,+33 220 761 6976,21379866,iceeleyhy,bW31/fW>h*i,3
648,Jasmine Worssam,jworssamhz@latimes.com,+81 951 725 3266,17701964,jworssamhz,eK7?0N=e,7
649,Elyn Charity,echarityi0@barnesandnoble.com,+86 869 340 1384,26943670,echarityi0,mM9qYEXV.+!B$,4
650,Sephira Blackah,sblackahi1@posterous.com,+420 829 195 6387,19390716,sblackahi1,"zY2S""mri",8
651,Bonnie Lockier,blockieri2@netlog.com,+598 780 414 6864,40264539,blockieri2,sH3.2#dT3XKGE,3
652,Bibbye Garmon,bgarmoni3@github.io,+33 769 527 4328,18518775,bgarmoni3,"vR39*},k.zHr0",8
653,Ingrim Gaffney,igaffneyi4@rambler.ru,+1 817 993 4051,38477332,igaffneyi4,"wL73'!,St",7
654,Toiboid Bowery,tboweryi5@t.co,+62 512 681 8243,34014954,tboweryi5,qP7H&zcyLs,3
655,Merridie Sommerlin,msommerlini6@wikipedia.org,+46 588 896 0736,34881968,msommerlini6,hA7rOXvxzZh,4
656,Morris Woodyer,mwoodyeri7@google.cn,+86 939 444 5396,26299454,mwoodyeri7,uR9kt{fBJw?,6
657,Dolf Perigoe,dperigoei8@addtoany.com,+86 253 674 3328,20443100,dperigoei8,uN3Od>>!!gTAg7,4
658,Cassie Legerton,clegertoni9@japanpost.jp,+234 862 113 2561,23147433,clegertoni9,mB7`R@~@JJNR*@O,2
659,Sherm Steinson,ssteinsonia@odnoklassniki.ru,+63 457 912 9047,22769797,ssteinsonia,"wG5""Wdg*p",2
660,Wynn Callander,wcallanderib@google.ca,+53 178 985 6351,29770332,wcallanderib,eR6|yMFBLq.(,8
661,Alexia Sheehan,asheehanic@pen.io,+46 756 254 5901,20757830,asheehanic,"vM6AXF7,PU",7
662,Grover Zuppa,gzuppaid@netvibes.com,+353 674 174 2769,29290524,gzuppaid,dM6|x\+stNr,7
663,Bertram Hanhard,bhanhardie@blogspot.com,+63 564 503 0571,19753094,bhanhardie,mM6((0!y1?3ma,3
664,Rodie Yellowlea,ryellowleaif@163.com,+86 589 489 6501,41439433,ryellowleaif,eC81}u@UGc3,3
665,Ermentrude McCreery,emccreeryig@usgs.gov,+86 285 929 5554,29477571,emccreeryig,iD9{bV0QRY?|xcc,2
666,Candace Thulborn,cthulbornih@ucoz.ru,+967 173 130 1894,24245117,cthulbornih,mS20'tR'%*,7
667,Adham Gunther,aguntherii@liveinternet.ru,+86 401 828 5670,41594534,aguntherii,pR4=d5F=M,8
668,Berget Avrashin,bavrashinij@cpanel.net,+86 273 979 4938,37788646,bavrashinij,fD5k4eFh,2
669,Gay Harley,gharleyik@hud.gov,+66 223 860 2470,21848161,gharleyik,kG7n~+x|J,2
670,Kendrick Grundy,kgrundyil@imdb.com,+7 402 582 2833,42342900,kgrundyil,"yT4sLgk""",1
671,Rheba Lowden,rlowdenim@vimeo.com,+7 540 400 6322,40881616,rlowdenim,mS9%k})ex#b6\E_~,1
672,Judon Elder,jelderin@infoseek.co.jp,+48 561 273 1607,32855523,jelderin,iE6Ryz=gDK\*Y>N>,8
673,Hale Grewes,hgrewesio@jiathis.com,+46 529 869 4005,16319828,hgrewesio,nC83T{UqE|(WP5,7
674,Shelden Rabbe,srabbeip@angelfire.com,+86 626 918 5308,35552066,srabbeip,nX9alQ*/,7
675,Car Puckring,cpuckringiq@opera.com,+86 790 892 5395,18063353,cpuckringiq,qH9Bb>3v,3
676,Rosalinde Bingle,rbingleir@yahoo.com,+380 385 445 1147,20499654,rbingleir,qA8bih/3EKby,5
677,Calv Moquin,cmoquinis@pcworld.com,+60 420 267 3472,41132060,cmoquinis,"hR3!)""KCv6z+N)s",5
678,Fannie Ladyman,fladymanit@google.it,+55 504 253 3913,26494877,fladymanit,yK9ES%WA=PM<N,7
679,Gilbertine Bernardoni,gbernardoniiu@soup.io,+86 269 788 4725,17377556,gbernardoniiu,dQ51#/!c#|y&'F,1
680,Chucho Ajsik,cajsikiv@tmall.com,+48 492 935 2727,27766506,cajsikiv,"jT171_},`a2",3
681,Gerti Arnaudi,garnaudiiw@bigcartel.com,+261 192 214 0708,36703523,garnaudiiw,oF3eW40?#wd&2+,5
682,Brien Blasio,bblasioix@163.com,+86 896 988 3246,27830901,bblasioix,fD8?+T~6@w,5
683,Thatcher Phelps,tphelpsiy@dailymotion.com,+86 921 459 0836,26612596,tphelpsiy,qA8mQjucZ|PrY,1
684,Ladonna Scoles,lscolesiz@i2i.jp,+504 548 794 9422,32536745,lscolesiz,hU0e!qGQv9#,1
685,Molly Biddleston,mbiddlestonj0@cpanel.net,+46 871 518 8358,41177778,mbiddlestonj0,eM7*s<(E1%0lj7Z,2
686,Hermy Iacabucci,hiacabuccij1@sakura.ne.jp,+62 148 647 9494,26202499,hiacabuccij1,"uU6?k,=xyuW",3
687,Rafe Cringle,rcringlej2@wisc.edu,+62 477 260 5576,40085819,rcringlej2,"uU01ZW,2(x,",4
688,Gabrila Corney,gcorneyj3@hao123.com,+212 592 487 7892,34163109,gcorneyj3,"cK3,C""cxvh",7
689,Dona Slocom,dslocomj4@bigcartel.com,+62 277 618 7308,15429368,dslocomj4,"qI2BC{rz`,0YSkQ",4
690,Aaren Johncey,ajohnceyj5@booking.com,+98 631 668 9514,18713260,ajohnceyj5,xC8t+jnD?,7
691,Colly Corde,ccordej6@flavors.me,+63 581 559 6516,29151831,ccordej6,aG1'h<t4>BT,2
692,Salmon Kapiloff,skapiloffj7@wikipedia.org,+86 862 970 5628,26411318,skapiloffj7,xD40v.{~Y,3
693,Clim Cuerdale,ccuerdalej8@yahoo.com,+48 796 503 3811,26407774,ccuerdalej8,"nF7bY}2+j#.7,,",6
694,Flossi Sutterfield,fsutterfieldj9@joomla.org,+62 728 339 6125,21093847,fsutterfieldj9,zA7w}0rKl9,7
695,Parke Denizet,pdenizetja@ucoz.com,+81 580 321 2450,44269151,pdenizetja,uN3X4LlxSc3m1\,7
696,Tish Loudwell,tloudwelljb@trellian.com,+236 838 108 4052,20653436,tloudwelljb,zM7G6\|}(w5,8
697,Dawna Coryndon,dcoryndonjc@columbia.edu,+62 224 103 8056,38181889,dcoryndonjc,tO8_2/6{$XdK,2
698,Meredeth Babidge,mbabidgejd@home.pl,+86 813 185 7054,32777612,mbabidgejd,zZ9uM`U%MQrO,5
699,Blayne Middlemist,bmiddlemistje@ucla.edu,+33 357 915 2864,15463326,bmiddlemistje,oZ0p#KEr9M,3
700,Arliene Murrish,amurrishjf@example.com,+1 918 336 7285,28542451,amurrishjf,"uM0~GtDo0!|w+!,",1
